date,djia
2004-01-16,0.013540633853114548
2004-01-23,-0.003039476402550423
2004-01-30,-0.007590631975466389
2004-02-06,0.01000756097165656
2004-02-13,0.0032870670620208653
2004-02-20,-0.0008298950399187044
2004-02-27,-0.003306328355791477
2004-03-05,0.0010988367259010534
2004-03-12,-0.03354898990613975
2004-03-19,-0.005222615448316814
2004-03-26,0.00258869495219205
2004-04-02,0.02522478769642933
2004-04-09,-0.002727639989723585
2004-04-16,0.0009519221837130942
2004-04-23,0.001996752765268228
2004-04-30,-0.023610596552606555
2004-05-07,-0.01058425104908578
2004-05-14,-0.010325836632948948
2004-05-21,-0.004607070700009208
2004-05-28,0.022244986826184032
2004-06-04,0.005336434884599672
2004-06-11,0.01633143997453823
2004-06-18,0.0006061421119873955
2004-06-25,-0.004278825430258593
2004-07-02,-0.008581890966308792
2004-07-09,-0.0067695371799397774
2004-07-16,-0.007190680314337561
2004-07-23,-0.017511228054257755
2004-07-30,0.017816310019252768
2004-08-06,-0.03199105299855709
2004-08-13,0.0010208520752741368
2004-08-20,0.02898522698936934
2004-08-27,0.008394542508808112
2004-09-03,0.006394304664733008
2004-09-10,0.005152920995691979
2004-09-17,-0.0027741496954835076
2004-09-24,-0.023065868310052196
2004-10-01,0.01447263128978693
2004-10-08,-0.013485207477937466
2004-10-15,-0.012115124512690145
2004-10-22,-0.01767474917903067
2004-10-29,0.027635299314087813
2004-11-05,0.03590835973580586
2004-11-12,0.014581893306788718
2004-11-19,-0.007790105522245461
2004-11-26,0.0062465871849330945
2004-12-03,0.006650681462009533
2004-12-10,-0.0046250971232632
2004-12-17,0.010120247893907308
2004-12-24,0.016638622637541012
2004-12-31,-0.00407402891997144
2005-01-07,-0.016604825554274782
2005-01-14,-0.004334229853752647
2005-01-21,-0.015628906989960223
2005-01-28,0.003291641770077902
2005-02-04,0.027709260395887503
2005-02-11,0.007454183553204485
2005-02-18,-0.0009994433128536206
2005-02-25,0.0052275243342279065
2005-03-04,0.009126881641086104
2005-03-11,-0.015190278368089283
2005-03-18,-0.01342910390965224
2005-03-25,-0.01757345242138275
2005-04-01,-0.003693429105217416
2005-04-08,0.00548234864431052
2005-04-15,-0.03573442790311754
2005-04-22,0.006959100907954374
2005-04-29,0.003425969042234911
2005-05-06,0.015000230561461159
2005-05-13,-0.019842635374175854
2005-05-20,0.03272052007274073
2005-05-27,0.0067456653084299045
2005-06-03,-0.007738165813773734
2005-06-10,0.004938356576875691
2005-06-17,0.010505458672092516
2005-06-24,-0.030615443558218103
2005-07-01,0.0005438033607048087
2005-07-08,0.014140908279176578
2005-07-15,0.01834505040606227
2005-07-22,0.0009726684854471923
2005-07-29,-0.0009642124159013887
2005-08-05,-0.007788807536197484
2005-08-12,0.004004534936915105
2005-08-19,-0.00387535836216113
2005-08-26,-0.015336345547923402
2005-09-02,0.0048166397205424705
2005-09-09,0.022129014287806337
2005-09-16,-0.0034293013290180863
2005-09-23,-0.020893746816839864
2005-09-30,0.014310543888963023
2005-10-07,-0.026151749978710837
2005-10-14,-0.0004828847945698156
2005-10-21,-0.007010558608931072
2005-10-28,0.018359859112187626
2005-11-04,0.012303453791634222
2005-11-11,0.014745374502884934
2005-11-18,0.007513541031102244
2005-11-25,0.01535249244635839
2005-12-02,-0.004949861045298043
2005-12-09,-0.009094912346667594
2005-12-16,0.009000257918946764
2005-12-23,0.0007061685848768207
2005-12-30,-0.015231635344891803
2006-01-06,0.02256216468392802
2006-01-13,5.1098107453961816e-05
2006-01-20,-0.0266864479231963
2006-01-27,0.0224816004664683
2006-02-03,-0.010414212250428712
2006-02-10,0.011620753741562018
2006-02-17,0.017975006983208308
2006-02-24,-0.004810477791012735
2006-03-03,-0.0036395358823343438
2006-03-10,0.004967522834727012
2006-03-17,0.018355341204766118
2006-03-24,2.836967459085571e-05
2006-03-31,-0.015128586334892669
2006-04-07,0.0009649555508348673
2006-04-14,0.001583627397023557
2006-04-21,0.01883700780685338
2006-04-28,0.001735191606924813
2006-05-05,0.018527087728311686
2006-05-12,-0.016993817446237403
2006-05-19,-0.02081804834201595
2006-05-26,0.01207369665992486
2006-06-02,-0.0027255131616396033
2006-06-09,-0.03164599164108406
2006-06-16,0.011258804691918423
2006-06-23,-0.002311487986345284
2006-06-30,0.014662724575010166
2006-07-07,-0.005340701797811986
2006-07-14,-0.03167707631730088
2006-07-21,0.01201469362670915
2006-07-28,0.03232496471415258
2006-08-04,0.0018405126696792173
2006-08-11,-0.013551179456155693
2006-08-18,0.026464574861359447
2006-08-25,-0.008559527020674862
2006-09-01,0.015960581528795093
2006-09-08,-0.006283937317637989
2006-09-15,0.01480498344907133
2006-09-22,-0.00455592490811596
2006-09-29,0.014856492383625408
2006-10-06,0.014653564025217669
2006-10-13,0.009307851928362476
2006-10-20,0.0034998507588723804
2006-10-27,0.007322720429381757
2006-11-03,-0.008620162014712607
2006-11-10,0.010211045516283823
2006-11-17,0.01933611541711011
2006-11-24,-0.005054867061614399
2006-12-01,-0.007006417663599218
2006-12-08,0.00929627615910289
2006-12-15,0.011215121848565435
2006-12-22,-0.00821982528652887
2006-12-29,0.009716265285719672
2007-01-05,-0.005226608040503344
2007-01-12,0.012749626754616328
2007-01-19,0.0007526234302426271
2007-01-26,-0.006248045247594036
2007-02-02,0.013331443370796281
2007-02-09,-0.0057422892814551485
2007-02-16,0.014843217816312482
2007-02-23,-0.00940586188287984
2007-03-02,-0.042172828104887206
2007-03-09,0.013391007173458869
2007-03-16,-0.013514636307948913
2007-03-23,0.030601771533746547
2007-03-30,-0.010148217171526919
2007-04-06,0.01666214734081528
2007-04-13,0.004134488304326167
2007-04-20,0.027739168562328498
2007-04-27,0.012263558499550298
2007-05-04,0.01095043495359338
2007-05-11,0.004643932506170456
2007-05-18,0.017282470197850675
2007-05-25,-0.0036329355668448526
2007-06-01,0.0119069124205613
2007-06-08,-0.017831287573775834
2007-06-15,0.016022329506219624
2007-06-22,-0.020471454923501442
2007-06-29,0.0036196900359724005
2007-07-06,0.015143989463494378
2007-07-13,0.021714439363840432
2007-07-20,-0.004038900573441917
2007-07-27,-0.04227901362204256
2007-08-03,-0.00629906064391228
2007-08-10,0.004371900581934041
2007-08-17,-0.012119756426582917
2007-08-24,0.022921336974772055
2007-08-31,-0.0015793561040656767
2007-09-07,-0.018293513723129817
2007-09-14,0.025099554805854796
2007-09-21,0.028095178582587144
2007-09-28,0.005458680379936798
2007-10-05,0.012261408802623608
2007-10-12,0.0019244974232208722
2007-10-19,-0.040520595923673186
2007-10-26,0.02105306751506064
2007-11-02,-0.015325892501466654
2007-11-09,-0.04062934439614274
2007-11-16,0.010277748387225394
2007-11-23,-0.014867809231231655
2007-11-30,0.030108898626287184
2007-12-07,0.018984842638045007
2007-12-14,-0.020970116501462632
2007-12-21,0.008305940471594386
2007-12-28,-0.006303041116971997
2008-01-04,-0.042323470151961695
2008-01-11,-0.015146662000065758
2008-01-18,-0.04021798624497275
2008-01-25,0.008915391799525718
2008-02-01,0.043910259298428844
2008-02-08,-0.044028222132762806
2008-02-15,0.013633083869569518
2008-02-22,0.002657065275048165
2008-02-29,-0.009258526357279195
2008-03-07,-0.030383837461551377
2008-03-14,0.004826088455306854
2008-03-21,0.03432573932586891
2008-03-28,-0.011723667051738773
2008-04-04,0.03217150715431716
2008-04-11,-0.022522844032477285
2008-04-18,0.04250889624856602
2008-04-25,0.003307557730501731
2008-05-02,0.01290271535682197
2008-05-09,-0.023917538404987004
2008-05-16,0.018901794148383555
2008-05-23,-0.03905273046477964
2008-05-30,0.01271592186627335
2008-06-06,-0.03390561403730874
2008-06-13,0.00798865830017026
2008-06-20,-0.03775467505189989
2008-06-27,-0.041897575635265305
2008-07-04,-0.005109059966456608
2008-07-11,-0.01665405800927311
2008-07-18,0.03567664275791982
2008-07-25,-0.010949352719985095
2008-08-01,-0.0039021378649845007
2008-08-08,0.036022291441527354
2008-08-15,-0.006342080325063559
2008-08-22,-0.002730726678616513
2008-08-29,-0.007267764356221118
2008-09-05,-0.027945476045064144
2008-09-12,0.017915579415665128
2008-09-19,-0.0029373165271550095
2008-09-26,-0.021540263635757118
2008-10-03,-0.07338602349609136
2008-10-10,-0.18151293221169573
2008-10-17,0.04745248893942722
2008-10-24,-0.05346342499395618
2008-10-31,0.11290913539285952
2008-11-07,-0.040879312729959594
2008-11-14,-0.04992279576601022
2008-11-21,-0.05306267512895246
2008-11-28,0.09726313068420489
2008-12-05,-0.021929904043927806
2008-12-12,-0.0006647042066280084
2008-12-19,-0.005860008714112186
2008-12-26,-0.007408693908808828
2009-01-02,0.060963766286382226
2009-01-09,-0.04820419959068878
2009-01-16,-0.03697561860549503
2009-01-23,-0.024592994751980846
2009-01-30,-0.009495441692788487
2009-02-06,0.034962491532160245
2009-02-13,-0.05195040450016242
2009-02-20,-0.061747093463908276
2009-02-27,-0.04110148839141581
2009-03-06,-0.061729338957061786
2009-03-13,0.09009286337283884
2009-03-20,0.007530474890572902
2009-03-27,0.0683943404988474
2009-04-03,0.031044806061587993
2009-04-10,0.008205707700194242
2009-04-17,0.005931924516724418
2009-04-24,-0.0067688803676643206
2009-05-01,0.016854273434955935
2009-05-08,0.044108854769793426
2009-05-15,-0.035687754019114504
2009-05-22,0.001049749414655965
2009-05-29,0.026942295332305743
2009-06-05,0.03091644677324279
2009-06-12,0.004122956067067474
2009-06-19,-0.029494525676022842
2009-06-26,-0.011866885721211307
2009-07-03,-0.01868247378943133
2009-07-10,-0.01620869632424149
2009-07-17,0.07333438081536658
2009-07-24,0.039947666612533794
2009-07-31,0.008618490219107988
2009-08-07,0.02163851275839246
2009-08-14,-0.005194198122319249
2009-08-21,0.019799600918317006
2009-08-28,0.004022739418217736
2009-09-04,-0.010784560256490883
2009-09-11,0.01738537294241138
2009-09-18,0.02236135677706641
2009-09-25,-0.015784810899981738
2009-10-02,-0.018366943640011235
2009-10-09,0.03976424137854706
2009-10-16,0.013276309840708489
2009-10-23,-0.0023739709541201748
2009-10-30,-0.02601738035213974
2009-11-06,0.031987916888454704
2009-11-13,0.024647276079421854
2009-11-20,0.004643409697900891
2009-11-27,-0.0007985919970227018
2009-12-04,0.0076605832053011635
2009-12-11,0.007950793635514763
2009-12-18,-0.013618870266914995
2009-12-25,0.01851215377451032
2010-01-01,-0.008749916825885773
2010-01-08,0.01823351441544685
2010-01-15,-0.0008042802021814843
2010-01-22,-0.04115781387698936
2010-01-29,-0.010385354144016756
2010-02-05,-0.005473149285858403
2010-02-12,0.008680383890501853
2010-02-19,0.030023348522745685
2010-02-26,-0.007410825438482704
2010-03-05,0.02333500560760693
2010-03-12,0.005535575703658813
2010-03-19,0.011039380913701935
2010-03-26,0.010089387617552958
2010-04-02,0.0070698115085581215
2010-04-09,0.006431733300875875
2010-04-16,0.0019377395463451297
2010-04-23,0.016845968566050695
2010-04-30,-0.017463862024155064
2010-05-07,-0.05706260826752885
2010-05-14,0.023094419017323897
2010-05-21,-0.040184893636254104
2010-05-28,-0.005568314368428973
2010-06-04,-0.020190142088642893
2010-06-11,0.028101172274986874
2010-06-18,0.02346179195716025
2010-06-25,-0.029359924368268397
2010-07-02,-0.04508463782346084
2010-07-09,0.05281072174825119
2010-07-16,-0.009818562996971036
2010-07-23,0.032355242179067156
2010-07-30,0.003963693640631538
2010-08-06,0.01792672230110237
2010-08-13,-0.03289135274969113
2010-08-20,-0.008689575518166626
2010-08-27,-0.0061652969270445945
2010-09-03,0.02928679444173543
2010-09-10,0.0014203770507650315
2010-09-17,0.0138663088264388
2010-09-24,0.023794642646719266
2010-10-01,-0.0028157705248308407
2010-10-08,0.016325505462765122
2010-10-15,0.00511516851890903
2010-10-22,0.006307636959245189
2010-10-29,-0.001263860244184567
2010-11-05,0.029283652726224574
2010-11-12,-0.021976427987221325
2010-11-19,0.0009801136109814923
2010-11-26,-0.00995666552119634
2010-12-03,0.0261530833032817
2010-12-10,0.002480212333587195
2010-12-17,0.007150544419437965
2010-12-24,0.007098906970207652
2010-12-31,0.00034734552844484234
2011-01-07,0.008399906370195387
2011-01-14,0.00964645097629413
2011-01-21,0.0071652903359356035
2011-01-28,-0.0040549737867087154
2011-02-04,0.022704398792256164
2011-02-11,0.014977485393416368
2011-02-18,0.009613582699299128
2011-02-25,-0.021047109855744872
2011-03-04,0.0032504977144292013
2011-03-11,-0.010310701502397657
2011-03-18,-0.015432898276377283
2011-03-25,0.03053247791461322
2011-04-01,0.012775978901182317
2011-04-08,0.0002690535133702543
2011-04-15,-0.003087225011207506
2011-04-22,0.013301106886093761
2011-04-29,0.024352330363289987
2011-05-06,-0.013410832018010299
2011-05-13,-0.0034014466631958618
2011-05-20,-0.0066458924637278205
2011-05-27,-0.005631375858772936
2011-06-03,-0.023334656852264768
2011-06-10,-0.01640570607492564
2011-06-17,0.004388419926187659
2011-06-24,-0.0058128879840325665
2011-07-01,0.05431192383812422
2011-07-08,0.005915231701763668
2011-07-15,-0.014021268527004471
2011-07-22,0.016140573554075388
2011-07-29,-0.042418832346567625
2011-08-05,-0.05753242133071568
2011-08-12,-0.01534259358772383
2011-08-19,-0.04005405971415443
2011-08-26,0.0431600208917835
2011-09-02,-0.0039239525935483854
2011-09-09,-0.022075112141534237
2011-09-16,0.047030011471844047
2011-09-23,-0.06408934155524026
2011-09-30,0.013173677154856955
2011-10-07,0.01738599773855598
2011-10-14,0.04875836701755887
2011-10-21,0.014109677624353001
2011-10-28,0.03576318996273109
2011-11-04,-0.020265535997959327
2011-11-11,0.014223198400432624
2011-11-18,-0.029416604682696912
2011-11-25,-0.047844383256924194
2011-12-02,0.07012601742555491
2011-12-09,0.013714472079351614
2011-12-16,-0.026088576573382483
2011-12-23,0.03603539071276107
2011-12-30,-0.006217667154709616
2012-01-06,0.011652081102937029
2012-01-13,0.005027540631330929
2012-01-20,0.024023390645351972
2012-01-27,-0.004718375407217423
2012-02-03,0.015937019665952068
2012-02-10,-0.004742567968384903
2012-02-17,0.011611384218547904
2012-02-24,0.002554465797726113
2012-03-02,-0.00041438964179951743
2012-03-09,-0.004280462366991644
2012-03-16,0.024036489650998805
2012-03-23,-0.011478452490890079
2012-03-30,0.010038430576886803
2012-04-06,-0.011497089018804196
2012-04-13,-0.01612157296935557
2012-04-20,0.013982547303065695
2012-04-27,0.015277153115372588
2012-05-04,-0.014366158640068072
2012-05-11,-0.01669469952685443
2012-05-18,-0.035194920674539554
2012-05-25,0.00690818779922675
2012-06-01,-0.02699836127831534
2012-06-08,0.035947310615031425
2012-06-15,0.016964043905625115
2012-06-22,-0.00989960970207171
2012-06-29,0.018931584918019162
2012-07-06,-0.008355531677185501
2012-07-13,0.00036171547085261935
2012-07-20,0.003559495941564128
2012-07-27,0.019737852864129435
2012-08-03,0.001568563269463974
2012-08-10,0.008535319868328006
2012-08-17,0.0050916304195578466
2012-08-24,-0.008830752079064808
2012-08-31,-0.0051018508174132116
2012-09-07,0.01648480922538198
2012-09-14,0.02154788887352499
2012-09-21,-0.0010225573202231608
2012-09-28,-0.01048199966567176
2012-10-05,0.012876261523107946
2012-10-12,-0.020668398217506767
2012-10-19,0.001099869831230782
2012-10-26,-0.01770898361825346
2012-11-02,-0.0010719291138235887
2012-11-09,-0.021214893883523933
2012-11-16,-0.017719320285999873
2012-11-23,0.033473119108125005
2012-11-30,0.0012221668788163775
2012-12-07,0.00994581431306707
2012-12-14,-0.001529441366219797
2012-12-21,0.004250472591950771
2012-12-28,-0.019159507658344732
2013-01-04,0.03842137684715907
2013-01-11,0.003961233207370851
2013-01-18,0.011956172808844423
2013-01-25,0.018042887389466244
2013-02-01,0.008190138442916606
2013-02-08,-0.001200589016680631
2013-02-15,-0.0008011165606729431
2013-02-22,0.0013453241938068405
2013-03-01,0.006363312350854189
2013-03-08,0.021818127619829042
2013-03-15,0.00812943189135007
2013-03-22,-0.0001433088215536671
2013-03-29,0.0045830941639453115
2013-04-05,-0.0009116139201869045
2013-04-12,0.02058392406584164
2013-04-19,-0.021362174118368826
2013-04-26,0.011344896824267536
2013-05-03,0.01776782406856725
2013-05-10,0.009652089360463245
2013-05-17,0.015604071570639588
2013-05-24,-0.0033410618454644547
2013-05-31,-0.012254379831537432
2013-06-07,0.008769103646107945
2013-06-14,-0.011669635338651618
2013-06-21,-0.017967934026003718
2013-06-28,0.0074462478208576766
2013-07-05,0.015174116005794991
2013-07-12,0.021700810790811653
2013-07-19,0.005136992945041108
2013-07-26,0.0009708088272191162
2013-08-02,0.006397010572131823
2013-08-09,-0.014870650566215171
2013-08-16,-0.0223033144447089
2013-08-23,-0.004705111636995496
2013-08-30,-0.013337321649963929
2013-09-06,0.0075751284071703395
2013-09-13,0.030394370916401403
2013-09-20,0.004879663580917404
2013-09-27,-0.012481320088097325
2013-10-04,-0.01216785160018452
2013-10-11,0.010915848514322146
2013-10-18,0.010667377212607798
2013-10-25,0.01108012195082364
2013-11-01,0.002907462165099073
2013-11-08,0.009364383579188784
2013-11-15,0.01268384662138411
2013-11-22,0.006457332239047098
2013-11-29,0.0013470469854222067
2013-12-06,-0.004115896586000201
2013-12-13,-0.016531628818616473
2013-12-20,0.029563272435539245
2013-12-27,0.015860167657760105
2014-01-03,-0.0005109716289374289
2014-01-10,-0.0020000012143299717
2014-01-17,0.0013086289814778773
2014-01-24,-0.03520660373690043
2014-01-31,-0.011352021618340036
2014-02-07,0.006066049424002351
2014-02-14,0.022812978027210162
2014-02-21,-0.003162607811251328
2014-02-28,0.013563058503536451
2014-03-07,0.008026732493102928
2014-03-14,-0.02352498553430682
2014-03-21,0.014758176907654574
2014-03-28,0.0012445737748860708
2014-04-04,0.005492230010794463
2014-04-11,-0.023515921502299086
2014-04-18,0.02382204751431205
2014-04-25,-0.0028692376043207846
2014-05-02,0.009255286508661253
2014-05-09,0.004266364034399839
2014-05-16,-0.005549545507720355
2014-05-23,0.0069709440911607246
2014-05-30,0.0066782004628371805
2014-06-06,0.012389058674404874
2014-06-13,-0.008776739689960067
2014-06-20,0.010213558388482369
2014-06-27,-0.00561984719491504
2014-07-04,0.012842514526603566
2014-07-11,-0.0072913114752175545
2014-07-18,0.00922873899081722
2014-07-25,-0.008164241545995488
2014-08-01,-0.027546244023638367
2014-08-08,0.0036717784176309998
2014-08-15,0.006583330967329104
2014-08-22,0.02030317633594625
2014-08-29,0.005719001342256558
2014-09-05,0.0022756448683944885
2014-09-12,-0.008744053926625917
2014-09-19,0.017202638879977306
2014-09-26,-0.009640770057882775
2014-10-03,-0.006045643262637346
2014-10-10,-0.02737204499317747
2014-10-17,-0.009894161664883439
2014-10-24,0.025945626513621978
2014-10-31,0.03481676436338055
2014-11-07,0.010546550649434216
2014-11-14,0.0034602391155535983
2014-11-21,0.009941739997300747
2014-11-28,0.0010207714067218543
2014-12-05,0.007322652151866782
2014-12-12,-0.037750872970840454
2014-12-19,0.030320881578025816
2014-12-26,0.013979937994248681
2015-01-02,-0.012225741966609527
2015-01-09,-0.00536197238937508
2015-01-16,-0.01273018491467448
2015-01-23,0.009195634657543472
2015-01-30,-0.028725258309473256
2015-02-06,0.038411996539459814
2015-02-13,0.01094349340142009
2015-02-20,0.006719998224131274
2015-02-27,-0.00042667101790239137
2015-03-06,-0.015216707936490548
2015-03-13,-0.006018442294747239
2015-03-20,0.021315758190036727
2015-03-27,-0.022892652936260416
2015-04-03,0.0028555846496236548
2015-04-10,0.01657411598334546
2015-04-17,-0.012811744606856523
2015-04-24,0.014239634697048809
2015-05-01,-0.0031017458935604925
2015-05-08,0.00926816710552436
2015-05-15,0.004477461793150672
2015-05-22,-0.002218627274995999
2015-05-29,-0.01214017974969317
2015-06-05,-0.008951355529052796
2015-06-12,0.0027664702461587254
2015-06-19,0.006542882108561354
2015-06-26,-0.003844926301416307
2015-07-03,-0.012067413025696139
2015-07-10,0.0017089572484321192
2015-07-17,0.018357684310215783
2015-07-24,-0.028635801940126604
2015-07-31,0.00690609857512281
2015-08-07,-0.017890475108338855
2015-08-14,0.005987320832215648
2015-08-21,-0.058226624097405866
2015-08-28,0.01113382645544414
2015-09-04,-0.032483907658530486
2015-09-11,0.0205379577428928
2015-09-18,-0.0029519706884096886
2015-09-25,-0.004266816726458789
2015-10-02,0.00966614709338276
2015-10-09,0.037160408611511375
2015-10-16,0.00769586917724796
2015-10-23,0.025019211813217535
2015-10-30,0.0009542860704834233
2015-11-06,0.013971718013489953
2015-11-13,-0.03713443582558218
2015-11-20,0.033549547585304706
2015-11-27,-0.0014205716959505565
2015-12-04,0.0027609083691930714
2015-12-11,-0.032632904200725954
2015-12-18,-0.007915339575944924
2015-12-25,0.024731807420943275
2016-01-01,-0.007243548803367306
2016-01-08,-0.0618983152396293
2016-01-15,-0.021923414564018584
2016-01-22,0.0065942877443696535
2016-01-29,0.02316399592133722
2016-02-05,-0.015870596308824703
2016-02-12,-0.014262908231240101
2016-02-19,0.026177174680602766
2016-02-26,0.015128120502757803
2016-03-04,0.02204330897231177
2016-03-11,0.01214457536616309
2016-03-18,0.02259821033839504
2016-03-25,-0.004918107292796958
2016-04-01,0.01581549841199892
2016-04-08,-0.012127973472341291
2016-04-15,0.018234097363821755
2016-04-22,0.005938831543693901
2016-04-29,-0.012781226133444457
2016-05-06,-0.0018572447737209563
2016-05-13,-0.01157286973461491
2016-05-20,-0.001960614348640366
2016-05-27,0.02127200024684406
2016-06-03,-0.0037016273508634345
2016-06-10,0.0032728591918036454
2016-06-17,-0.010645193430407707
2016-06-24,-0.015525177707019333
2016-07-01,0.031528526069278584
2016-07-08,0.010995929105032776
2016-07-15,0.020378866948002727
2016-07-22,0.0029325117259964006
2016-07-29,-0.007463847912184796
2016-08-05,0.006037790306549606
2016-08-12,0.001776360811560851
2016-08-19,-0.0012865738216142342
2016-08-26,-0.008471602586595739
2016-09-02,0.005249138371549389
2016-09-09,-0.021983067235706644
2016-09-16,0.002120489122471314
2016-09-23,0.0075949855990467
2016-09-30,0.0025572996667844183
2016-10-07,-0.003695621895166923
2016-10-14,-0.005597985580431231
2016-10-21,0.000404115472274702
2016-10-28,0.0008530942024314037
2016-11-04,-0.015027098995164967
2016-11-11,0.0536317633668526
2016-11-18,0.0010754650709956515
2016-11-25,0.015063125631693541
2016-12-02,0.0009544625300357268
2016-12-09,0.03059035743609173
2016-12-16,0.004381265232058729
2016-12-23,0.004555668607361341
2016-12-30,-0.008588925047444684
2017-01-06,0.0101808466497324
2017-01-13,-0.003910578146445021
2017-01-20,-0.002940802273791232
2017-01-27,0.01344261054861362
2017-02-03,-0.0011107914986627776
2017-02-10,0.009860269257941479
2017-02-17,0.017498323825555495
2017-02-24,0.009586380948455764
2017-03-03,0.008834507745743014
2017-03-10,-0.004890574991276209
2017-03-17,0.0005568584000941179
2017-03-24,-0.015199893662901753
2017-03-31,0.0032286694192085186
2017-04-07,-0.00034457359501582907
2017-04-14,-0.009820343627306105
2017-04-21,0.004620781538386298
2017-04-28,0.019114005614237373
2017-05-05,0.0031723200628828163
2017-05-12,-0.005252073838455162
2017-05-19,-0.004391621416105274
2017-05-26,0.013239227026018874
2017-06-02,0.00597762458563178
2017-06-09,0.003097194275849313
2017-06-16,0.005279717863460487
2017-06-23,0.0004900796285869369
2017-06-30,-0.002109395010740811
2017-07-07,0.0030309658762235347
2017-07-14,0.010432261746101013
2017-07-21,-0.002665250622292392
2017-07-28,0.011595884536055756
2017-08-04,0.0120245658444611
2017-08-11,-0.010613860346420423
2017-08-18,-0.008409154957929155
2017-08-25,0.006420445029668542
2017-09-01,0.007971606795188713
2017-09-08,-0.00863078941001183
2017-09-15,0.02158705079735146
2017-09-22,0.0036486778987567803
2017-09-29,0.0024832670308494453
2017-10-06,0.016450726151959083
2017-10-13,0.004305410590388137
2017-10-20,0.01997707212225408
2017-10-27,0.00452491209299466
2017-11-03,0.004480632784832794
2017-11-10,-0.004969584764811352
2017-11-17,-0.0027311684081048337
2017-11-24,0.008551586078403117
2017-12-01,0.028593271327477465
2017-12-08,0.004026562020899238
2017-12-15,0.013258986335738854
2017-12-22,0.0041506197939780165
2017-12-29,-0.0014074458896843334
2018-01-05,0.023328001449883784
2018-01-12,0.020055447786535785
2018-01-19,0.010406852796107868
2018-01-26,0.020903492366441512
2018-02-02,-0.041167747629214935
2018-02-09,-0.05211637806728264
2018-02-16,0.042515160659586826
2018-02-23,0.003592871831107791
2018-03-02,-0.03049902429831064
2018-03-09,0.032507867370118015
2018-03-16,-0.015362882631413277
2018-03-23,-0.05665361607695818
2018-03-30,0.02421727601856105
2018-04-06,-0.007067552693407753
2018-04-13,0.017857530848928382
2018-04-20,0.004220008587799473
2018-04-27,-0.006203260932659771
2018-05-04,-0.0020023701019983298
2018-05-11,0.023437805898895103
2018-05-18,-0.004674769654430255
2018-05-25,0.0015375222182076875
2018-06-01,-0.004762233725163267
2018-06-08,0.027656350402533558
2018-06-15,-0.00892894879353523
2018-06-22,-0.020310093708848953
2018-06-29,-0.01259026829378429
2018-07-06,0.0076250205488679335
2018-07-13,0.023017621505629693
2018-07-20,0.001547198754886736
2018-07-27,0.01568114447532376
2018-08-03,0.0004526334070171778
2018-08-10,-0.005869004633466179
2018-08-17,0.014070952872697662
2018-08-24,0.004714967128073511
2018-08-31,0.006764933395630557
2018-09-07,-0.0018594390409792938
2018-09-14,0.009188340727581679
2018-09-21,0.022513379063853645
2018-09-28,-0.010663899639164587
2018-10-05,-0.0004255751784600914
2018-10-12,-0.04185948905454473
2018-10-19,0.004117996889501541
2018-10-26,-0.029713091398715696
2018-11-02,0.02359497268140265
2018-11-09,0.028430803420386175
2018-11-16,-0.022166045257086542
2018-11-23,-0.04435762174175495
2018-11-30,0.05157344061072333
2018-12-07,-0.04501093644644194
2018-12-14,-0.011826667404705948
2018-12-21,-0.06867655497746727
2018-12-28,0.027490302008833067
2019-01-04,0.01607638407104206
2019-01-11,0.02401682060806154
2019-01-18,0.02960499584304843
2019-01-25,0.0012486668407110102
2019-02-01,0.01320642594958188
2019-02-08,0.0016932726723586367
2019-02-15,0.030945183943650756
2019-02-22,0.0057396192518328615
2019-03-01,-0.00021089582322553202
2019-03-08,-0.02213451613597306
2019-03-15,0.015663113589498456
2019-03-22,-0.01340677561533632
2019-03-29,0.01671847894622913
2019-04-05,0.019141352355769747
2019-04-12,-0.00048022723944274315
2019-04-19,0.00557467543530854
2019-04-26,-0.0006103268354797908
2019-05-03,-0.0014459376423380244
2019-05-10,-0.021225469204808944
2019-05-17,-0.0068756247019836625
2019-05-24,-0.006920897376183843
2019-05-31,-0.03012035243137856
2019-06-07,0.04710449791739202
2019-06-14,0.004066742764954112
2019-06-21,0.024129145663733587
2019-06-28,-0.004460100310152426
2019-07-05,0.0121112964079646
2019-07-12,0.015225769738787198
2019-07-19,-0.006506285848508098
2019-07-26,0.0014086218706499398
2019-08-02,-0.026016044894814683
2019-08-09,-0.007459691349937181
2019-08-16,-0.01527079091763972
2019-08-23,-0.009932392052695582
2019-08-30,0.03021510872491584
2019-09-06,0.014929205765344289
2019-09-13,0.0157500001865849
2019-09-20,-0.010450221017857753
2019-09-27,-0.004262843942859584
2019-10-04,-0.009191935198217704
2019-10-11,0.009139480659839938
2019-10-18,-0.001729899289954484
2019-10-25,0.007017504538628705
2019-11-01,0.014440950127716956
2019-11-08,0.012208856723281647
2019-11-15,0.011692034027377396
2019-11-22,-0.0046159795664257874
2019-11-29,0.006306227448932056
2019-12-06,-0.001295835040021065
2019-12-13,0.004294832850616714
2019-12-20,0.011363272861429241
2019-12-27,0.0066831628365962015
2020-01-03,-0.00036236361617936197
2020-01-10,0.006596500491707902
2020-01-17,0.01819088897808996
2020-01-24,-0.012211011956481
2020-01-31,-0.025308962863745177
2020-02-07,0.029957499337309512
2020-02-14,0.010156168660366616
2020-02-21,-0.013799200492005004
2020-02-28,-0.12358579366116851
2020-03-06,0.017923316447167492
2020-03-13,-0.1035833283716312
2020-03-20,-0.17302276152201235
2020-03-27,0.1284449029361665
2020-04-03,-0.027002631630030027
2020-04-10,0.12667551120934162
2020-04-17,0.022054548666343265
2020-04-24,-0.01927277272260408
2020-05-01,-0.0021694811457452223
2020-05-08,0.02561279463692201
2020-05-15,-0.02654603202785555
2020-05-22,0.03292067440644919
2020-05-29,0.03752070290977039
2020-06-05,0.06807164291530854
2020-06-12,-0.05552879313104875
2020-06-19,0.010385252566436742
2020-06-26,-0.03308317350470369
2020-07-03,0.03245221472244264
2020-07-10,0.009599897163318216
2020-07-17,0.02288180768773529
2020-07-24,-0.0075757490547185835
2020-07-31,-0.0015704636475633027
2020-08-07,0.038033442912754234
2020-08-14,0.018136233536540036
2020-08-21,-2.470371651297487e-05
2020-08-28,0.025905171904520907
2020-09-04,-0.018167179511877407
2020-09-11,-0.01662335501937029
2020-09-18,-0.0002971194593727189
2020-09-25,-0.017480300042447938
2020-10-02,0.018725647642080956
2020-10-09,0.032658895538422605
2020-10-16,0.0006789823310677789
2020-10-23,-0.009464345453852774
2020-10-30,-0.06472324361218074
2020-11-06,0.06874301928940141
2020-11-13,0.04082878467980544
2020-11-20,-0.007338242682025431
2020-11-27,0.02210570991556704
2020-12-04,0.01029375430661661
2020-12-11,-0.005688282515273868
2020-12-18,0.004415841248044172
2020-12-25,0.0006898825509749074
2021-01-01,0.013463965242234588
2021-01-08,0.016058364111129375
2021-01-15,-0.009123103533767773
2021-01-22,0.005929722148122263
2021-01-29,-0.03272447832014602
2021-02-05,0.03887652246534845
2021-02-12,0.009957544952780673
2021-02-19,0.0011418253948070056
2021-02-26,-0.0178428999260819
2021-03-05,0.018231063445833584
2021-03-12,0.04071398862723563
2021-03-19,-0.004596590950692203
2021-03-26,0.013635846790345685
2021-04-02,0.0024288782833548073
2021-04-09,0.019527219234577897
2021-04-16,0.011836180422832632
2021-04-23,-0.004595816397748975
2021-04-30,-0.004953663681367515
2021-05-07,0.026654287768064
2021-05-14,-0.011375948307194128
2021-05-21,-0.005069203100564135
2021-05-28,0.009401645938474923
2021-06-04,0.0065723606950010005
2021-06-11,-0.007963715449159192
2021-06-18,-0.03449924013039585
2021-06-25,0.034357382139063475
2021-07-02,0.010237313061802089
2021-07-09,0.002409278351997335
2021-07-16,-0.005228252465718675
2021-07-23,0.010773224630526324
2021-07-30,-0.003595961958327565
2021-08-06,0.007815552502943302
2021-08-13,0.008715790585855476
2021-08-20,-0.011130389144083375
2021-08-27,0.009559203737576905
2021-09-03,-0.0024455801307545766
2021-09-10,-0.021526423213036994
2021-09-17,-0.0006599683538818235
2021-09-24,0.006162230431333127
2021-10-01,-0.013550778780389683
2021-10-08,0.012229341446802211
2021-10-15,0.015786163974529588
2021-10-22,0.010830502884847437
2021-10-29,0.003995288844191647
2021-11-05,0.014193083332123546
2021-11-12,-0.006266249540642921
2021-11-19,-0.013804036585835289
2021-11-26,-0.019735980976339107
2021-12-03,-0.009148024002746058
2021-12-10,0.04022286819463683
2021-12-17,-0.016834399053236915
2021-12-24,0.016544965932842715
2021-12-31,0.010785367460200979
2022-01-07,-0.002934644713704304
2022-01-14,-0.008827914591823971
2022-01-21,-0.04584675626207635
2022-01-28,0.013427550906352392
2022-02-04,0.010489994807845626
2022-02-11,-0.010022302815580808
2022-02-18,-0.018967092577996558
2022-02-25,-0.0005994862552444191
2022-03-04,-0.013034829522516111
2022-03-11,-0.019949843521306132
2022-03-18,0.05496386464502545
2022-03-25,0.0030588466154297667
2022-04-01,-0.0012326010205030435
2022-04-08,-0.0027902018107158755
2022-04-15,-0.0077730787486117725
2022-04-22,-0.018572050983375665
2022-04-29,-0.024671856237836964
2022-05-06,-0.002360417997762543
2022-05-13,-0.02135937557466916
2022-05-20,-0.02903282514397454
2022-05-27,0.06241015421327556
2022-06-03,-0.009431860334038311
2022-06-10,-0.04580315322024198
2022-06-17,-0.047909408497938566
2022-06-24,0.05392993625032538
2022-07-01,-0.012806707664723471
2022-07-08,0.007746341639102816
2022-07-15,-0.0015919893165360355
2022-07-22,0.01952905019326745
2022-07-29,0.029650816679618774
2022-08-05,-0.0012683767730556905
2022-08-12,0.029191423956063334
2022-08-19,-0.0016086584984769114
2022-08-26,-0.04222716287603001
2022-09-02,-0.029890284170812298
2022-09-09,0.02660636992136256
2022-09-16,-0.04134430174942483
2022-09-23,-0.03997122873544645
2022-09-30,-0.029229064416478212
2022-10-07,0.01988754942906157
2022-10-14,0.0115384654769346
2022-10-21,0.048852313308360484
2022-10-28,0.05724238930126746
2022-11-04,-0.013954804666816867
2022-11-11,0.04149711047235427
2022-11-18,-6.430037341620398e-05
2022-11-25,0.01781975713046613
2022-12-02,0.0024121445143874265
2022-12-09,-0.027691644583135333
2022-12-16,-0.016608685625660535
2022-12-23,0.008610754527731412
2022-12-30,-0.0017070268489302043
2023-01-06,0.014582205160307504
2023-01-13,0.01998179634565056
2023-01-20,-0.027027680984041846
2023-01-27,0.018054866010956072
2023-02-03,-0.0015324585732919838
2023-02-10,-0.0016724631042673854
2023-02-17,-0.0012571868245165874
2023-02-24,-0.029851280157769056
2023-03-03,0.01749250081969911
2023-03-10,-0.04436319160539515
2023-03-17,-0.001493592531911947
2023-03-24,0.011786775335368427
2023-03-31,0.032155689347167726
2023-04-07,0.00634546637554978
2023-04-14,0.011980783203609624
2023-04-21,-0.0022873435917049045
2023-04-28,0.008553945462977941
2023-05-05,-0.01242823659693093
2023-05-12,-0.011099239243602899
2023-05-19,0.0037840136309772454
2023-05-26,-0.009970792748177137
2023-06-02,0.020228239277147786
2023-06-09,0.003377093578842416
2023-06-16,0.012466946386285871
2023-06-23,-0.016667774566811122
2023-06-30,0.02016667145999551
2023-07-07,-0.01955149443727555
2023-07-14,0.02294805850798931
2023-07-21,0.02082527384861299
2023-07-28,0.006574373738385875
2023-08-04,-0.011102027141547288
2023-08-11,0.00615360572549406
2023-08-18,-0.02212894046154623
2023-08-25,-0.004456726335090422
2023-09-01,0.014289790344980124
2023-09-08,-0.007495326185331996
2023-09-15,0.0012045722264688585
2023-09-22,-0.018903329574236016
2023-09-29,-0.013436054344856063
2023-10-06,-0.002982018950981047
2023-10-13,0.007863784207057245
2023-10-20,-0.016127274223061372
2023-10-27,-0.02142312921555889
2023-11-03,0.05070487966563819
2023-11-10,0.006511198039300892
2023-11-17,0.019373393887950563
2023-11-24,0.012672517002753958
2023-12-01,0.02416915441160894
2023-12-08,6.538742740480608e-05
2023-12-15,0.029168334580762956
2023-12-22,0.0021661882699335333
2023-12-29,0.008119890964444654
2024-01-05,-0.005928169990931154
2024-01-12,0.0033862602762870786
2024-01-19,0.007204004577450407
2024-01-26,0.006487198854842724
2024-02-02,0.014300659967887208
2024-02-09,0.0004467794368665512
2024-02-16,-0.001130025607880225
2024-02-23,0.013035625203382306
2024-03-01,-0.001128246199420313
2024-03-08,-0.009330121384446666
2024-03-15,-0.0002045312451176562
2024-03-22,0.019659938571248148
2024-03-29,0.008396768661385945
2024-04-05,-0.022692531558854645
2024-04-12,-0.023668493040825633
2024-04-19,8.319458792893641e-05
2024-04-26,0.006667122970326345
2024-05-03,0.011402298032984426
2024-05-10,0.02164564398092028
2024-05-17,0.012420013342498315
2024-05-24,-0.023347904525568786
2024-05-31,-0.009809931458200527
2024-06-07,0.0029123990082282614
2024-06-14,-0.005408130469375494
2024-06-21,0.014542166763930497
2024-06-28,-0.0008038246420911666
2024-07-05,0.006569976732450744
2024-07-12,0.015873427050627775
2024-07-19,0.0071655887742525515
2024-07-26,0.007491399944349997
2024-08-02,-0.02099270399567954
2024-08-09,-0.0060326252992783935
2024-08-16,0.029425123691247723
2024-08-23,0.0126739557734723
2024-08-30,0.009423175376951365
2024-09-06,-0.029296914473133318
2024-09-13,0.025984864201404667
2024-09-20,0.016175860237939155
2024-09-27,0.005934856369058439
2024-10-04,0.0009394275990830536
2024-10-11,0.012067929473292827
2024-10-18,0.009612993323513175
2024-10-25,-0.026839643579996353
2024-11-01,-0.0014771669547708477
2024-11-08,0.04605705434128393
2024-11-15,-0.012366730856971264
2024-11-22,0.019599958476224755
2024-11-29,0.013864297661373204
2024-12-06,-0.005970298804403917
2024-12-13,-0.018244041779003517
2024-12-20,-0.022538072641134388
2024-12-27,0.0035468972410530597
2025-01-03,-0.0060494680315341665
2025-01-10,-0.01857337792429259
2025-01-17,0.03694414075865948
2025-01-24,0.02153292081945679
2025-01-31,0.010631130519930032
