"Date","Price","Open","High","Low","Vol.","Change %"
"01/26/2025","44,896.53","44,026.27","45,054.36","44,026.27","3.74B","1.06%"
"01/19/2025","44,424.25","43,528.65","44,565.26","43,528.65","2.16B","2.15%"
"01/12/2025","43,487.83","41,924.68","43,653.25","41,844.89","2.50B","3.69%"
"01/05/2025","41,938.45","42,835.52","43,115.31","41,877.30","2.19B","-1.86%"
"12/29/2024","42,732.13","42,863.86","42,905.09","42,174.80","1.66B","-0.60%"
"12/22/2024","42,992.21","42,800.49","43,373.98","42,516.87","1.33B","0.35%"
"12/15/2024","42,840.26","43,825.76","43,951.58","42,146.33","3.48B","-2.25%"
"12/08/2024","43,828.06","44,637.97","44,728.51","43,790.48","2.35B","-1.82%"
"12/01/2024","44,642.52","44,925.86","45,073.63","44,574.78","2.35B","-0.60%"
"11/24/2024","44,910.65","44,385.49","45,071.29","44,385.49","2.07B","1.39%"
"11/17/2024","44,296.51","43,431.89","44,323.95","42,938.87","2.83B","1.96%"
"11/10/2024","43,444.99","44,057.65","44,486.70","43,350.43","2.66B","-1.24%"
"11/03/2024","43,988.99","42,004.66","44,157.29","41,647.30","2.07B","4.61%"
"10/27/2024","42,052.19","42,264.54","42,491.86","41,704.63","2.09B","-0.15%"
"10/20/2024","42,114.40","43,222.21","43,310.87","42,051.39","1.56B","-2.68%"
"10/13/2024","43,275.91","42,800.89","43,325.09","42,692.37","1.47B","0.96%"
"10/06/2024","42,863.86","42,289.51","42,899.75","41,831.74","1.37B","1.21%"
"09/29/2024","42,352.75","42,289.75","42,361.38","41,847.81","1.60B","0.09%"
"09/22/2024","42,313.00","42,060.40","42,628.32","41,859.73","1.93B","0.59%"
"09/15/2024","42,063.36","41,435.17","42,160.91","41,435.17","2.90B","1.62%"
"09/08/2024","41,393.78","40,555.11","41,533.84","39,993.07","1.66B","2.60%"
"09/01/2024","40,345.41","41,489.67","41,489.67","40,297.33","1.48B","-2.93%"
"08/25/2024","41,563.08","41,200.84","41,585.21","40,842.29","1.58B","0.94%"
"08/18/2024","41,175.08","40,670.83","41,207.92","40,584.47","1.48B","1.27%"
"08/11/2024","40,659.76","39,556.01","40,726.03","39,251.72","1.77B","2.94%"
"08/04/2024","39,497.54","39,056.19","39,628.66","38,499.27","2.26B","-0.60%"
"07/28/2024","39,737.26","40,665.71","41,198.63","39,358.68","2.37B","-2.10%"
"07/21/2024","40,589.34","40,414.49","40,753.83","39,807.45","1.77B","0.75%"
"07/14/2024","40,287.53","40,138.40","41,376.00","40,136.10","1.83B","0.72%"
"07/07/2024","40,000.90","39,391.98","40,257.24","39,146.60","1.76B","1.59%"
"06/30/2024","39,375.87","39,186.20","39,438.36","39,037.94","1.21B","0.66%"
"06/23/2024","39,118.86","39,184.49","39,571.23","38,908.99","2.11B","-0.08%"
"06/16/2024","39,150.33","38,565.18","39,257.18","38,431.95","1.92B","1.45%"
"06/09/2024","38,589.16","38,784.90","39,120.26","38,305.85","1.82B","-0.54%"
"06/02/2024","38,798.99","38,709.99","39,105.23","38,247.22","1.49B","0.29%"
"05/26/2024","38,686.32","39,028.99","39,028.99","38,000.96","1.59B","-0.98%"
"05/19/2024","39,069.59","39,989.76","40,077.40","39,020.29","1.45B","-2.33%"
"05/12/2024","40,003.59","39,591.28","40,051.05","39,371.92","1.79B","1.24%"
"05/05/2024","39,512.84","38,762.43","39,579.88","38,689.38","1.58B","2.16%"
"04/28/2024","38,675.68","38,282.16","38,808.52","37,780.54","2.02B","1.14%"
"04/21/2024","38,239.66","38,116.89","38,561.50","37,754.38","1.85B","0.67%"
"04/14/2024","37,986.40","38,075.38","38,386.81","37,611.56","1.78B","0.01%"
"04/07/2024","37,983.24","38,916.42","39,013.20","37,877.30","1.75B","-2.37%"
"03/31/2024","38,904.04","39,807.93","39,815.00","38,559.42","1.66B","-2.27%"
"03/24/2024","39,807.37","39,410.54","39,868.59","39,277.19","1.34B","0.84%"
"03/17/2024","39,475.90","38,826.93","39,889.05","38,760.79","1.74B","1.97%"
"03/10/2024","38,714.77","38,667.21","39,201.94","38,483.25","2.13B","-0.02%"
"03/03/2024","38,722.69","38,968.77","39,087.86","38,457.83","1.85B","-0.93%"
"02/25/2024","39,087.38","39,144.79","39,245.89","38,741.68","1.70B","-0.11%"
"02/18/2024","39,131.53","38,576.26","39,282.28","38,338.58","1.25B","1.30%"
"02/11/2024","38,627.99","38,656.76","38,927.08","38,039.86","1.48B","-0.11%"
"02/04/2024","38,671.69","38,546.77","38,755.68","38,220.40","1.53B","0.04%"
"01/28/2024","38,654.42","38,115.83","38,783.62","38,061.17","1.82B","1.43%"
"01/21/2024","38,109.43","37,919.55","38,215.31","37,795.71","1.81B","0.65%"
"01/14/2024","37,863.80","37,493.54","37,933.73","37,122.95","1.39B","0.72%"
"01/07/2024","37,592.98","37,327.37","37,825.27","37,249.24","1.52B","0.34%"
"12/31/2023","37,466.11","37,566.22","37,790.08","37,323.82","1.36B","-0.59%"
"12/24/2023","37,689.54","37,405.90","37,778.85","37,371.83","901.80M","0.81%"
"12/17/2023","37,385.97","37,330.14","37,641.30","37,073.04","1.39B","0.22%"
"12/10/2023","37,305.16","36,254.33","37,347.60","36,231.19","2.24B","2.92%"
"12/03/2023","36,247.87","36,089.38","36,296.20","36,010.85","1.51B","0.01%"
"11/26/2023","36,245.50","35,376.44","36,264.85","35,280.57","1.58B","2.42%"
"11/19/2023","35,390.15","34,932.49","35,399.44","34,907.98","965.10M","1.27%"
"11/12/2023","34,947.28","34,259.25","35,051.10","34,205.81","1.71B","1.94%"
"11/05/2023","34,283.10","34,092.61","34,310.36","33,859.77","1.47B","0.65%"
"10/29/2023","34,061.32","32,537.54","34,163.63","32,537.54","1.54B","5.07%"
"10/22/2023","32,417.59","32,993.02","33,272.19","32,327.20","1.82B","-2.14%"
"10/15/2023","33,127.28","33,832.42","34,147.63","33,118.12","1.48B","-1.61%"
"10/08/2023","33,670.29","33,259.84","33,957.72","33,253.69","1.34B","0.79%"
"10/01/2023","33,407.58","33,455.50","33,557.69","32,846.94","1.47B","-0.30%"
"09/24/2023","33,507.50","33,907.59","34,017.53","33,306.30","1.42B","-1.34%"
"09/17/2023","33,963.84","34,612.29","34,776.28","33,947.24","1.44B","-1.89%"
"09/10/2023","34,618.24","34,650.01","34,977.97","34,509.95","1.81B","0.12%"
"09/03/2023","34,576.59","34,843.22","34,871.26","34,291.56","1.28B","-0.75%"
"08/27/2023","34,837.71","34,441.64","35,070.21","34,441.64","1.37B","1.43%"
"08/20/2023","34,346.90","34,531.28","34,694.68","34,029.22","1.67B","-0.45%"
"08/13/2023","34,500.66","35,273.89","35,335.45","34,263.19","1.69B","-2.21%"
"08/06/2023","35,281.40","35,125.60","35,578.58","35,007.41","1.55B","0.62%"
"07/30/2023","35,065.62","35,465.97","35,679.13","35,033.76","1.50B","-1.11%"
"07/23/2023","35,459.29","35,230.79","35,645.35","35,216.58","1.66B","0.66%"
"07/16/2023","35,227.69","34,499.74","35,372.77","34,418.72","1.94B","2.08%"
"07/09/2023","34,509.03","33,705.68","34,592.26","33,705.68","1.50B","2.29%"
"07/02/2023","33,734.88","34,369.78","34,465.60","33,716.75","1.01B","-1.96%"
"06/25/2023","34,407.60","33,730.79","34,467.35","33,610.32","1.47B","2.02%"
"06/18/2023","33,727.43","34,206.66","34,206.66","33,646.49","1.33B","-1.67%"
"06/11/2023","34,299.12","33,906.80","34,588.68","33,783.55","1.95B","1.25%"
"06/04/2023","33,876.78","33,771.13","33,975.32","33,399.69","1.55B","0.34%"
"05/28/2023","33,762.76","33,103.65","33,805.00","32,704.51","1.76B","2.02%"
"05/21/2023","33,093.34","33,408.54","33,512.30","32,586.56","1.52B","-1.00%"
"05/14/2023","33,426.63","33,321.21","33,652.90","33,006.19","1.43B","0.38%"
"05/07/2023","33,300.62","33,715.15","33,772.09","33,110.61","1.28B","-1.11%"
"04/30/2023","33,674.38","34,116.81","34,257.83","32,937.50","1.45B","-1.24%"
"04/23/2023","34,098.16","33,805.04","34,104.56","33,235.85","1.59B","0.86%"
"04/16/2023","33,808.96","33,930.46","34,018.62","33,677.74","1.35B","-0.23%"
"04/09/2023","33,886.47","33,425.25","34,082.94","33,343.43","1.29B","1.20%"
"04/02/2023","33,485.29","33,245.78","33,634.72","33,245.78","1.15B","0.63%"
"03/26/2023","33,274.15","32,276.72","33,291.00","32,276.72","1.50B","3.22%"
"03/19/2023","32,237.53","31,872.33","32,761.89","31,805.18","1.71B","1.18%"
"03/12/2023","31,861.98","31,819.93","32,306.59","31,429.82","2.42B","-0.15%"
"03/05/2023","31,909.64","33,425.32","33,572.22","31,783.41","1.59B","-4.44%"
"02/26/2023","33,390.97","32,906.16","33,405.82","32,500.71","1.47B","1.75%"
"02/19/2023","32,816.92","33,699.69","33,699.69","32,643.48","1.24B","-2.99%"
"02/12/2023","33,826.69","33,887.39","34,331.47","33,517.73","1.49B","-0.13%"
"02/05/2023","33,869.27","33,874.44","34,252.57","33,591.99","1.62B","-0.17%"
"01/29/2023","33,926.01","33,909.21","34,334.70","33,581.42","1.94B","-0.15%"
"01/22/2023","33,978.08","33,439.56","34,164.33","33,273.21","1.79B","1.81%"
"01/15/2023","33,375.49","34,222.32","34,269.97","32,948.93","1.40B","-2.70%"
"01/08/2023","34,302.61","33,664.39","34,342.32","33,421.80","1.48B","2.00%"
"01/01/2023","33,630.61","33,148.90","33,710.66","32,812.33","1.45B","1.46%"
"12/25/2022","33,147.25","33,224.23","33,387.72","32,847.82","1.04B","-0.17%"
"12/18/2022","33,203.93","32,921.45","33,437.84","32,573.43","1.53B","0.86%"
"12/11/2022","32,920.46","33,519.50","34,712.28","32,654.59","2.29B","-1.66%"
"12/04/2022","33,476.46","34,335.73","34,335.73","33,418.59","1.48B","-2.77%"
"11/27/2022","34,429.88","34,275.91","34,595.51","33,583.77","1.78B","0.24%"
"11/20/2022","34,347.03","33,760.30","34,386.51","33,559.18","1.00B","1.78%"
"11/13/2022","33,745.69","33,662.05","33,987.06","33,239.75","1.69B","-0.01%"
"11/06/2022","33,747.86","32,454.10","33,817.96","32,424.99","1.96B","4.15%"
"10/30/2022","32,403.22","32,754.27","33,071.93","31,727.05","1.90B","-1.40%"
"10/23/2022","32,861.80","31,187.32","32,889.81","31,161.41","2.01B","5.72%"
"10/16/2022","31,082.56","30,059.58","31,119.27","29,997.62","1.83B","4.89%"
"10/09/2022","29,634.83","29,419.09","30,428.82","28,660.94","1.84B","1.15%"
"10/02/2022","29,296.79","28,855.25","30,454.46","28,855.25","1.75B","1.99%"
"09/25/2022","28,725.51","29,536.84","29,811.78","28,715.85","2.03B","-2.92%"
"09/18/2022","29,590.41","30,722.86","31,026.89","29,250.47","1.70B","-4.00%"
"09/11/2022","30,822.42","32,159.49","32,504.04","30,550.08","2.11B","-4.13%"
"09/04/2022","32,151.71","31,343.79","32,227.74","31,048.46","1.36B","2.66%"
"08/28/2022","31,318.44","32,188.00","32,325.16","31,182.09","1.69B","-2.99%"
"08/21/2022","32,283.40","33,586.59","33,586.59","32,278.22","1.48B","-4.22%"
"08/14/2022","33,706.74","33,710.70","34,281.36","33,582.96","1.42B","-0.16%"
"08/07/2022","33,761.05","32,877.36","33,767.09","32,702.66","1.49B","2.92%"
"07/31/2022","32,803.47","32,755.71","32,972.03","32,387.12","1.59B","-0.13%"
"07/24/2022","32,845.13","31,950.93","32,910.18","31,705.36","1.80B","2.97%"
"07/17/2022","31,899.29","31,475.98","32,219.25","30,982.97","1.63B","1.95%"
"07/10/2022","31,288.26","31,277.98","31,367.55","30,143.93","1.53B","-0.16%"
"07/03/2022","31,338.15","30,903.12","31,511.46","30,355.12","1.16B","0.77%"
"06/26/2022","31,097.26","31,533.60","31,885.09","30,431.87","1.65B","-1.28%"
"06/19/2022","31,500.68","30,074.69","31,517.29","30,074.69","1.56B","5.39%"
"06/12/2022","29,888.78","31,144.91","31,144.91","29,653.29","2.38B","-4.79%"
"06/05/2022","31,392.79","33,032.04","33,235.37","31,387.84","1.46B","-4.58%"
"05/29/2022","32,899.70","33,160.59","33,272.34","32,509.43","1.52B","-0.94%"
"05/22/2022","33,212.96","31,395.89","33,213.62","31,365.59","1.82B","6.24%"
"05/15/2022","31,261.90","32,152.15","32,689.14","30,635.76","2.20B","-2.90%"
"05/08/2022","32,196.66","32,685.17","32,752.17","31,228.22","2.31B","-2.14%"
"05/01/2022","32,899.37","32,978.49","34,117.74","32,449.87","2.10B","-0.24%"
"04/24/2022","32,977.21","33,731.65","34,106.01","32,913.15","2.23B","-2.47%"
"04/17/2022","33,811.40","34,411.49","35,492.22","33,773.39","1.66B","-1.86%"
"04/10/2022","34,451.23","34,630.27","34,889.17","34,102.81","1.34B","-0.78%"
"04/03/2022","34,721.12","34,799.98","35,112.21","34,190.95","1.64B","-0.28%"
"03/27/2022","34,818.27","34,833.03","35,372.26","34,538.25","1.77B","-0.12%"
"03/20/2022","34,861.24","34,669.85","34,942.70","34,341.81","1.74B","0.31%"
"03/13/2022","34,754.93","33,000.37","34,755.20","32,818.16","2.19B","5.50%"
"03/06/2022","32,944.19","33,579.75","33,579.75","32,578.73","2.24B","-1.99%"
"02/27/2022","33,614.80","33,870.62","34,179.07","33,107.67","2.08B","-1.30%"
"02/20/2022","34,058.75","33,974.09","34,095.74","32,272.64","1.83B","-0.06%"
"02/13/2022","34,079.18","34,694.50","35,047.79","33,976.18","1.75B","-1.90%"
"02/06/2022","34,738.06","35,108.38","35,824.28","34,620.52","1.83B","-1.00%"
"01/30/2022","35,089.74","34,691.17","35,679.20","34,496.10","1.97B","1.05%"
"01/23/2022","34,725.47","34,070.61","34,815.67","33,150.33","2.85B","1.34%"
"01/16/2022","34,265.37","35,661.76","35,661.76","34,229.55","1.71B","-4.58%"
"01/09/2022","35,911.81","36,175.21","36,513.88","35,639.91","1.87B","-0.88%"
"01/02/2022","36,231.66","36,321.59","36,952.65","36,111.53","2.00B","-0.29%"
"12/26/2021","36,338.30","35,954.48","36,679.44","35,954.48","1.13B","1.08%"
"12/19/2021","35,950.56","35,222.12","36,060.99","34,665.50","1.28B","1.65%"
"12/12/2021","35,365.44","35,958.93","36,189.83","35,284.26","2.58B","-1.68%"
"12/05/2021","35,970.99","34,633.43","35,982.69","34,633.43","2.00B","4.02%"
"11/28/2021","34,580.08","35,017.71","35,287.91","34,006.98","2.51B","-0.91%"
"11/21/2021","34,899.34","35,631.41","35,929.66","34,749.80","1.43B","-1.97%"
"11/14/2021","35,601.98","36,128.83","36,316.61","35,555.37","1.80B","-1.38%"
"11/07/2021","36,100.31","36,416.46","36,565.73","35,915.27","1.39B","-0.63%"
"10/31/2021","36,327.95","35,833.65","36,484.75","35,797.97","1.52B","1.42%"
"10/24/2021","35,819.56","35,692.62","35,892.92","35,490.43","1.71B","0.40%"
"10/17/2021","35,677.02","35,221.02","35,765.02","35,035.94","1.52B","1.08%"
"10/10/2021","35,294.76","34,723.79","35,320.97","34,115.10","1.56B","1.58%"
"10/03/2021","34,746.25","34,312.96","34,975.19","33,821.58","1.55B","1.22%"
"09/26/2021","34,326.46","34,739.27","35,061.12","33,785.54","1.75B","-1.36%"
"09/19/2021","34,798.00","34,459.72","34,879.78","33,613.03","1.59B","0.62%"
"09/12/2021","34,584.88","34,665.50","34,990.36","34,510.30","1.85B","-0.07%"
"09/05/2021","34,607.72","35,373.24","35,373.24","34,599.61","1.15B","-2.15%"
"08/29/2021","35,369.09","35,471.80","35,510.71","35,269.40","1.34B","-0.24%"
"08/22/2021","35,455.80","35,160.97","35,501.14","35,160.97","1.20B","0.96%"
"08/15/2021","35,120.08","35,490.83","35,631.19","34,690.25","1.50B","-1.11%"
"08/08/2021","35,515.38","35,229.67","35,610.57","35,041.24","1.17B","0.87%"
"08/01/2021","35,208.51","34,968.56","35,246.79","34,714.33","1.20B","0.78%"
"07/25/2021","34,935.47","35,055.86","35,171.52","34,871.13","1.45B","-0.36%"
"07/18/2021","35,061.55","34,528.48","35,095.33","33,741.76","1.78B","1.08%"
"07/11/2021","34,687.85","34,836.75","35,090.01","34,647.82","1.62B","-0.52%"
"07/04/2021","34,870.16","34,790.16","34,893.72","34,145.59","1.29B","0.24%"
"06/27/2021","34,786.35","34,428.10","34,821.93","34,186.13","1.44B","1.02%"
"06/20/2021","34,433.84","33,312.07","34,501.02","33,312.07","1.60B","3.44%"
"06/13/2021","33,290.08","34,472.52","34,472.52","33,271.93","1.85B","-3.45%"
"06/06/2021","34,479.60","34,766.20","34,820.91","34,328.65","1.38B","-0.80%"
"05/30/2021","34,756.39","34,584.19","34,849.32","34,334.41","1.13B","0.66%"
"05/23/2021","34,529.45","34,253.87","34,631.11","34,253.87","1.61B","0.94%"
"05/16/2021","34,207.84","34,375.29","34,415.48","33,473.80","1.58B","-0.51%"
"05/09/2021","34,382.13","34,785.27","35,091.56","33,555.22","1.83B","-1.14%"
"05/02/2021","34,777.76","33,904.89","34,811.39","33,765.68","1.59B","2.67%"
"04/25/2021","33,874.85","34,044.23","34,148.94","33,744.28","1.72B","-0.50%"
"04/18/2021","34,043.49","34,182.38","34,182.38","33,687.01","1.66B","-0.46%"
"04/11/2021","34,200.67","33,775.06","34,256.75","33,545.84","1.65B","1.18%"
"04/04/2021","33,800.60","33,222.38","33,810.87","33,222.38","1.55B","1.95%"
"03/28/2021","33,153.21","33,087.55","33,259.00","32,905.13","1.40B","0.24%"
"03/21/2021","33,072.88","32,601.82","33,098.83","32,071.41","1.97B","1.36%"
"03/14/2021","32,627.97","32,798.84","33,227.78","32,505.07","2.41B","-0.46%"
"03/07/2021","32,778.64","31,512.15","32,793.32","31,512.15","2.12B","4.07%"
"02/28/2021","31,496.30","31,065.90","31,668.34","30,547.53","2.20B","1.82%"
"02/21/2021","30,932.37","31,381.12","32,009.64","30,911.37","2.26B","-1.78%"
"02/14/2021","31,494.32","31,472.08","31,647.53","31,285.32","1.36B","0.11%"
"02/07/2021","31,458.40","31,191.20","31,543.82","31,191.20","1.52B","1.00%"
"01/31/2021","31,148.24","30,054.73","31,252.18","30,014.97","1.63B","3.89%"
"01/24/2021","29,982.62","30,989.85","31,121.42","29,856.30","2.43B","-3.27%"
"01/17/2021","30,996.98","30,887.42","31,272.22","30,865.03","1.63B","0.59%"
"01/10/2021","30,814.26","31,015.37","31,223.78","30,612.67","2.01B","-0.91%"
"01/03/2021","31,097.97","30,627.47","31,193.40","29,881.82","2.14B","1.61%"
"12/27/2020","30,606.48","30,283.23","30,637.47","30,274.24","1.25B","1.35%"
"12/20/2020","30,199.87","30,159.00","30,304.14","29,755.53","1.26B","0.07%"
"12/13/2020","30,179.05","30,123.91","30,343.59","29,849.15","2.28B","0.44%"
"12/06/2020","30,046.37","30,233.03","30,319.70","29,820.84","1.79B","-0.57%"
"11/29/2020","30,218.26","29,854.51","30,218.26","29,463.64","2.16B","1.03%"
"11/22/2020","29,910.37","29,332.82","30,116.51","29,332.82","1.33B","2.21%"
"11/15/2020","29,263.48","29,672.36","29,964.29","29,228.38","1.82B","-0.73%"
"11/08/2020","29,479.81","29,467.90","29,933.83","28,902.13","2.31B","4.08%"
"11/01/2020","28,323.40","26,691.28","28,495.05","26,691.28","1.91B","6.87%"
"10/25/2020","26,501.60","28,185.82","28,185.82","26,143.77","2.22B","-6.47%"
"10/18/2020","28,335.57","28,633.55","28,711.93","28,040.18","1.70B","-0.95%"
"10/11/2020","28,606.31","28,671.12","28,957.90","28,181.54","2.08B","0.07%"
"10/04/2020","28,586.90","27,825.42","28,676.29","27,728.03","1.73B","3.27%"
"09/27/2020","27,682.81","27,362.14","28,041.46","27,338.09","1.94B","1.87%"
"09/20/2020","27,173.96","27,484.71","27,484.71","26,537.01","2.25B","-1.75%"
"09/13/2020","27,657.42","27,718.74","28,364.77","27,487.97","2.36B","-0.03%"
"09/06/2020","27,665.64","27,925.23","28,206.21","27,447.08","1.94B","-1.66%"
"08/30/2020","28,133.31","28,643.66","29,199.35","27,664.68","2.85B","-1.82%"
"08/23/2020","28,653.87","28,077.58","28,733.35","28,041.75","1.83B","2.59%"
"08/16/2020","27,930.33","27,970.05","27,999.81","27,526.25","1.56B","0.00%"
"08/09/2020","27,931.02","27,488.21","28,154.88","27,488.21","1.78B","1.81%"
"08/02/2020","27,433.48","26,542.32","27,456.24","26,534.38","1.81B","3.80%"
"07/26/2020","26,428.32","26,447.67","26,625.46","25,992.28","1.96B","-0.16%"
"07/19/2020","26,469.89","26,660.29","27,035.24","26,402.86","2.01B","-0.76%"
"07/12/2020","26,671.95","26,225.07","27,071.33","25,994.98","1.81B","2.29%"
"07/05/2020","26,075.30","25,996.08","26,297.53","25,523.51","1.76B","0.96%"
"06/28/2020","25,827.36","25,152.45","26,204.41","25,096.16","1.52B","3.25%"
"06/21/2020","25,015.55","25,865.08","26,314.97","24,971.03","2.26B","-3.31%"
"06/14/2020","25,871.46","25,270.39","26,611.03","24,843.18","2.30B","1.04%"
"06/07/2020","25,605.54","27,232.93","27,580.21","25,078.41","2.44B","-5.55%"
"05/31/2020","27,110.98","25,342.99","27,338.30","25,220.66","2.02B","6.81%"
"05/24/2020","25,383.11","24,781.84","25,758.79","24,781.84","1.77B","3.75%"
"05/17/2020","24,465.16","24,059.98","24,718.46","24,059.98","1.84B","3.29%"
"05/10/2020","23,685.42","24,256.45","24,382.09","22,789.62","2.16B","-2.65%"
"05/03/2020","24,331.32","23,581.55","24,349.90","23,361.16","1.82B","2.56%"
"04/26/2020","23,723.69","23,866.15","24,764.77","23,645.30","2.17B","-0.22%"
"04/19/2020","23,775.27","24,095.10","24,108.69","22,941.88","2.04B","-1.93%"
"04/12/2020","24,242.49","23,698.93","24,264.21","23,095.35","2.34B","2.21%"
"04/05/2020","23,719.37","21,693.63","24,008.99","21,693.63","2.25B","12.67%"
"03/29/2020","21,052.53","21,678.22","22,480.37","20,735.02","2.62B","-2.70%"
"03/22/2020","21,636.78","19,028.36","22,595.06","18,213.65","3.72B","12.84%"
"03/15/2020","19,173.98","20,917.53","21,768.28","18,917.46","4.11B","-17.30%"
"03/08/2020","23,185.62","24,992.36","25,020.99","21,154.46","3.82B","-10.36%"
"03/01/2020","25,864.78","25,590.51","27,102.34","25,226.62","2.82B","1.79%"
"02/23/2020","25,409.36","28,402.93","28,402.93","24,681.01","3.04B","-12.36%"
"02/16/2020","28,992.41","29,282.78","29,409.09","28,892.70","1.11B","-1.38%"
"02/09/2020","29,398.08","28,995.66","29,568.57","28,995.66","1.38B","1.02%"
"02/02/2020","29,102.51","28,319.65","29,408.05","28,319.65","1.52B","3.00%"
"01/26/2020","28,256.03","28,542.49","28,944.24","28,169.53","1.73B","-2.53%"
"01/19/2020","28,989.73","29,269.05","29,341.21","28,843.31","1.29B","-1.22%"
"01/12/2020","29,348.10","28,869.01","29,373.62","28,819.43","1.41B","1.82%"
"01/05/2020","28,823.77","28,465.50","29,009.07","28,418.63","1.35B","0.66%"
"12/29/2019","28,634.88","28,654.76","28,872.80","28,376.49","872.30M","-0.04%"
"12/22/2019","28,645.26","28,491.78","28,701.66","28,491.78","669.66M","0.67%"
"12/15/2019","28,455.09","28,191.67","28,608.64","28,191.67","1.73B","1.14%"
"12/08/2019","28,135.38","27,987.05","28,290.73","27,801.80","1.19B","0.43%"
"12/01/2019","28,015.06","28,109.74","28,109.84","27,325.13","1.17B","-0.13%"
"11/24/2019","28,051.41","27,917.77","28,174.97","27,917.77","899.05M","0.63%"
"11/17/2019","27,875.62","27,993.22","28,090.21","27,675.28","1.22B","-0.46%"
"11/10/2019","28,004.89","27,580.66","28,004.89","27,517.67","1.29B","1.17%"
"11/03/2019","27,681.24","27,402.06","27,774.67","27,402.06","1.30B","1.22%"
"10/27/2019","27,347.36","27,040.33","27,347.43","26,918.29","1.34B","1.44%"
"10/20/2019","26,958.06","26,852.67","27,015.37","26,714.34","1.29B","0.70%"
"10/13/2019","26,770.20","26,766.43","27,120.11","26,749.18","1.16B","-0.17%"
"10/06/2019","26,816.59","26,502.33","27,013.97","26,139.80","1.14B","0.91%"
"09/29/2019","26,573.72","26,852.33","27,046.21","25,743.46","1.29B","-0.92%"
"09/22/2019","26,820.25","26,851.45","27,079.68","26,704.96","1.21B","-0.43%"
"09/15/2019","26,935.07","27,146.06","27,272.17","26,899.15","1.39B","-1.05%"
"09/08/2019","27,219.52","26,866.23","27,306.73","26,717.05","1.38B","1.57%"
"09/01/2019","26,797.46","26,198.26","26,860.87","25,978.22","892.30M","1.49%"
"08/25/2019","26,403.28","25,826.05","26,514.62","25,637.43","1.12B","3.02%"
"08/18/2019","25,628.90","26,020.06","26,388.78","25,507.18","1.29B","-0.99%"
"08/11/2019","25,886.01","26,169.91","26,426.97","25,339.60","1.48B","-1.53%"
"08/04/2019","26,287.44","26,259.23","26,413.36","25,440.39","1.62B","-0.75%"
"07/28/2019","26,485.01","27,192.24","27,281.65","26,249.22","1.67B","-2.60%"
"07/21/2019","27,192.45","27,174.18","27,368.81","27,062.48","1.21B","0.14%"
"07/14/2019","27,154.20","27,364.69","27,398.68","27,068.79","1.13B","-0.65%"
"07/07/2019","27,332.03","26,835.64","27,333.79","26,665.57","1.14B","1.52%"
"06/30/2019","26,922.12","26,805.86","26,966.00","26,616.21","846.63M","1.21%"
"06/23/2019","26,599.96","26,727.61","26,806.52","26,465.32","1.54B","-0.45%"
"06/16/2019","26,719.13","26,108.53","26,907.37","26,049.80","1.48B","2.41%"
"06/09/2019","26,089.61","26,090.22","26,248.67","25,958.66","1.15B","0.41%"
"06/02/2019","25,983.94","24,830.16","26,072.75","24,680.57","1.38B","4.71%"
"05/26/2019","24,815.04","25,616.55","25,717.63","24,809.51","1.17B","-3.01%"
"05/19/2019","25,585.69","25,655.31","25,898.27","25,328.09","1.30B","-0.69%"
"05/12/2019","25,764.00","25,568.06","25,957.63","25,222.51","1.53B","-0.69%"
"05/05/2019","25,942.37","26,160.62","26,476.27","25,469.86","1.52B","-2.12%"
"04/28/2019","26,504.95","26,559.87","26,689.39","26,180.36","1.46B","-0.14%"
"04/21/2019","26,543.33","26,510.77","26,695.96","26,310.28","1.44B","-0.06%"
"04/14/2019","26,559.54","26,407.76","26,602.42","26,316.42","1.25B","0.56%"
"04/07/2019","26,412.30","26,312.67","26,436.68","26,062.59","1.26B","-0.05%"
"03/31/2019","26,424.99","26,075.10","26,487.57","26,071.69","1.28B","1.91%"
"03/24/2019","25,928.68","25,490.72","25,949.32","25,372.26","1.42B","1.67%"
"03/17/2019","25,502.32","25,801.88","26,109.68","25,501.45","1.69B","-1.34%"
"03/10/2019","25,848.87","25,208.00","25,927.91","25,208.00","1.87B","1.57%"
"03/03/2019","25,450.24","26,122.19","26,155.98","25,252.46","1.36B","-2.21%"
"02/24/2019","26,026.32","26,126.15","26,241.42","25,877.24","1.42B","-0.02%"
"02/17/2019","26,031.81","25,849.85","26,052.90","25,762.21","1.10B","0.57%"
"02/10/2019","25,883.25","25,142.81","25,883.72","25,009.10","1.42B","3.09%"
"02/03/2019","25,106.33","25,062.12","25,439.04","24,883.04","1.40B","0.17%"
"01/27/2019","25,063.89","24,596.98","25,193.15","24,323.94","1.95B","1.32%"
"01/20/2019","24,737.20","24,607.76","24,860.15","24,244.31","1.35B","0.12%"
"01/13/2019","24,706.35","23,880.53","24,750.22","23,765.24","1.53B","2.96%"
"01/06/2019","23,995.95","23,474.26","24,014.78","23,301.59","1.58B","2.40%"
"12/30/2018","23,433.16","23,153.94","23,518.64","22,638.41","1.43B","1.61%"
"12/23/2018","23,062.40","22,317.28","23,381.88","21,712.53","1.49B","2.75%"
"12/16/2018","22,445.37","23,986.83","24,088.08","22,396.34","2.86B","-6.87%"
"12/09/2018","24,100.51","24,360.95","24,828.29","23,881.37","1.79B","-1.18%"
"12/02/2018","24,388.95","25,779.57","25,980.21","24,242.22","1.68B","-4.50%"
"11/25/2018","25,538.46","24,364.13","25,549.71","24,364.13","1.76B","5.16%"
"11/18/2018","24,285.95","25,392.61","25,392.61","24,268.74","1.25B","-4.44%"
"11/11/2018","25,413.22","25,959.33","25,966.71","24,787.79","1.82B","-2.22%"
"11/04/2018","25,989.30","25,261.47","26,277.82","25,261.47","1.58B","2.84%"
"10/28/2018","25,270.83","24,818.98","25,578.98","24,122.23","2.18B","2.36%"
"10/21/2018","24,688.31","25,492.14","25,561.34","24,445.19","2.19B","-2.97%"
"10/14/2018","25,444.34","25,332.46","25,817.68","25,236.01","1.57B","0.41%"
"10/07/2018","25,339.99","26,399.45","26,539.94","24,899.77","1.91B","-4.19%"
"09/30/2018","26,447.05","26,598.36","26,951.81","26,301.81","1.33B","-0.04%"
"09/23/2018","26,458.31","26,705.25","26,709.94","26,349.34","1.24B","-1.07%"
"09/16/2018","26,743.50","26,151.66","26,769.16","26,030.35","1.64B","2.25%"
"09/09/2018","26,154.67","25,991.91","26,211.11","25,754.32","1.29B","0.92%"
"09/02/2018","25,916.54","25,916.07","26,073.68","25,805.95","1.09B","-0.19%"
"08/26/2018","25,964.82","25,882.71","26,167.94","25,879.77","1.16B","0.68%"
"08/19/2018","25,790.35","25,727.70","25,888.82","25,608.02","1.10B","0.47%"
"08/12/2018","25,669.32","25,327.19","25,728.16","24,965.77","1.36B","1.41%"
"08/05/2018","25,313.14","25,437.43","25,692.72","25,222.88","1.15B","-0.59%"
"07/29/2018","25,462.58","25,439.32","25,500.16","25,120.07","1.51B","0.05%"
"07/22/2018","25,451.06","25,036.90","25,587.24","24,983.33","1.40B","1.57%"
"07/15/2018","25,058.12","25,025.58","25,215.32","24,979.64","1.29B","0.15%"
"07/08/2018","25,019.41","24,519.20","25,043.21","24,518.43","1.20B","2.30%"
"07/01/2018","24,456.48","24,161.53","24,520.29","24,077.56","862.18M","0.76%"
"06/24/2018","24,271.41","24,463.73","24,569.02","23,997.21","1.69B","-1.26%"
"06/17/2018","24,580.89","24,944.28","25,003.10","24,406.63","1.90B","-2.03%"
"06/10/2018","25,090.48","25,336.67","25,402.83","24,894.38","1.87B","-0.89%"
"06/03/2018","25,316.53","24,727.55","25,326.09","24,710.82","1.64B","2.77%"
"05/27/2018","24,635.21","24,606.59","24,714.48","24,247.84","1.47B","-0.48%"
"05/20/2018","24,753.09","24,883.06","25,086.49","24,605.90","1.60B","0.15%"
"05/13/2018","24,715.09","24,879.37","24,994.19","24,629.39","1.45B","-0.47%"
"05/06/2018","24,831.17","24,317.66","24,868.65","24,198.34","1.59B","2.34%"
"04/29/2018","24,262.51","24,410.41","24,498.23","23,531.31","1.90B","-0.20%"
"04/22/2018","24,311.19","24,488.07","24,579.94","23,823.08","2.04B","-0.62%"
"04/15/2018","24,462.94","24,483.15","24,858.97","24,375.04","1.87B","0.42%"
"04/08/2018","24,360.14","24,037.52","24,646.45","23,954.83","1.70B","1.79%"
"04/01/2018","23,932.76","24,076.60","24,622.26","23,344.52","2.04B","-0.71%"
"03/25/2018","24,103.11","23,825.74","24,446.22","23,708.73","2.00B","2.42%"
"03/18/2018","23,533.20","24,893.69","24,977.65","23,509.06","1.99B","-5.67%"
"03/11/2018","24,946.51","25,372.44","25,449.15","24,668.83","2.14B","-1.54%"
"03/04/2018","25,335.74","24,471.31","25,336.33","24,387.15","1.81B","3.25%"
"02/25/2018","24,538.06","25,403.35","25,800.35","24,217.76","2.31B","-3.05%"
"02/18/2018","25,309.99","25,124.91","25,313.91","24,792.99","1.59B","0.36%"
"02/11/2018","25,219.38","24,337.76","25,432.42","24,290.48","2.13B","4.25%"
"02/04/2018","24,190.90","25,337.87","25,520.53","23,360.29","3.44B","-5.21%"
"01/28/2018","25,520.96","26,584.28","26,608.90","25,490.66","2.28B","-4.12%"
"01/21/2018","26,616.71","26,025.32","26,616.71","25,974.65","2.26B","2.09%"
"01/14/2018","26,071.72","25,987.62","26,153.42","25,702.99","2.21B","1.04%"
"01/07/2018","25,803.19","25,308.40","25,810.43","25,235.41","1.74B","2.01%"
"12/31/2017","25,295.87","24,809.35","25,299.79","24,741.70","1.56B","2.33%"
"12/24/2017","24,719.22","24,715.84","24,871.66","24,708.42","905.90M","-0.14%"
"12/17/2017","24,754.06","24,739.56","24,876.07","24,697.11","1.63B","0.42%"
"12/10/2017","24,651.74","24,338.11","24,688.62","24,314.74","1.92B","1.33%"
"12/03/2017","24,329.16","24,424.11","24,534.04","24,101.24","1.72B","0.40%"
"11/26/2017","24,231.59","23,552.86","24,327.82","23,545.02","1.92B","2.86%"
"11/19/2017","23,557.99","23,370.71","23,617.80","23,360.58","1.03B","0.86%"
"11/12/2017","23,358.24","23,367.47","23,492.19","23,242.75","2.24B","-0.27%"
"11/05/2017","23,422.21","23,533.96","23,602.12","23,310.02","1.53B","-0.50%"
"10/29/2017","23,539.19","23,405.75","23,557.06","23,327.87","1.85B","0.45%"
"10/22/2017","23,434.19","23,348.95","23,485.25","23,251.11","2.15B","0.45%"
"10/15/2017","23,328.63","22,892.92","23,328.84","22,887.12","1.62B","2.00%"
"10/08/2017","22,871.72","22,779.73","22,905.33","22,739.38","1.50B","0.43%"
"10/01/2017","22,773.67","22,423.47","22,777.04","22,416.00","1.21B","1.65%"
"09/24/2017","22,405.09","22,320.47","22,405.63","22,219.11","1.50B","0.25%"
"09/17/2017","22,349.59","22,297.92","22,419.51","22,283.35","1.52B","0.36%"
"09/10/2017","22,268.34","21,927.79","22,275.02","21,927.79","1.79B","2.16%"
"09/03/2017","21,797.79","21,912.37","21,921.09","21,709.63","1.27B","-0.86%"
"08/27/2017","21,987.56","21,832.50","22,038.97","21,673.58","1.32B","0.80%"
"08/20/2017","21,813.67","21,671.36","21,912.83","21,600.34","1.20B","0.64%"
"08/13/2017","21,674.51","21,945.64","22,085.71","21,641.63","1.39B","-0.84%"
"08/06/2017","21,858.32","22,100.20","22,179.11","21,842.74","1.29B","-1.06%"
"07/30/2017","22,092.81","21,863.39","22,092.81","21,861.71","1.51B","1.20%"
"07/23/2017","21,830.31","21,577.78","21,841.18","21,496.13","1.56B","1.16%"
"07/16/2017","21,580.07","21,633.97","21,661.91","21,471.14","1.43B","-0.27%"
"07/09/2017","21,637.74","21,381.23","21,681.53","21,279.30","1.25B","1.04%"
"07/02/2017","21,414.34","21,392.30","21,562.75","21,305.38","1.02B","0.30%"
"06/25/2017","21,349.63","21,434.68","21,506.21","21,197.08","1.46B","-0.21%"
"06/18/2017","21,394.76","21,444.75","21,535.03","21,333.89","1.53B","0.05%"
"06/11/2017","21,384.28","21,259.95","21,391.97","21,186.15","2.07B","0.53%"
"06/04/2017","21,271.97","21,195.03","21,305.35","21,113.31","1.55B","0.31%"
"05/28/2017","21,206.29","21,045.49","21,225.04","20,942.57","1.22B","0.60%"
"05/21/2017","21,080.28","20,867.77","21,112.32","20,860.16","1.28B","1.32%"
"05/14/2017","20,804.84","20,923.63","21,033.53","20,553.45","1.84B","-0.44%"
"05/07/2017","20,896.61","20,991.26","21,046.85","20,798.90","1.41B","-0.53%"
"04/30/2017","21,006.94","20,962.73","21,006.94","20,847.95","1.47B","0.32%"
"04/23/2017","20,940.51","20,723.59","21,070.90","20,723.59","1.65B","1.91%"
"04/16/2017","20,547.76","20,484.75","20,644.41","20,379.55","1.47B","0.46%"
"04/09/2017","20,453.25","20,668.22","20,750.33","20,453.25","989.08M","-0.98%"
"04/02/2017","20,656.10","20,665.17","20,887.50","20,517.82","1.28B","-0.03%"
"03/26/2017","20,663.22","20,488.35","20,753.78","20,412.80","1.38B","0.32%"
"03/19/2017","20,596.72","20,916.27","20,970.04","20,529.67","1.52B","-1.52%"
"03/12/2017","20,914.62","20,899.28","21,000.11","20,786.31","1.64B","0.06%"
"03/05/2017","20,902.98","20,955.71","20,986.43","20,777.16","1.43B","-0.49%"
"02/26/2017","21,005.71","20,808.71","21,169.11","20,774.76","1.56B","0.88%"
"02/19/2017","20,821.76","20,663.43","20,840.70","20,663.37","1.24B","0.96%"
"02/12/2017","20,624.05","20,338.54","20,639.87","20,322.95","1.75B","1.75%"
"02/05/2017","20,269.37","20,025.61","20,298.21","20,002.81","1.48B","0.99%"
"01/29/2017","20,071.46","20,028.62","20,081.48","19,784.77","1.81B","-0.11%"
"01/22/2017","20,093.78","19,794.79","20,125.58","19,732.36","1.77B","1.34%"
"01/15/2017","19,827.25","19,848.82","19,882.99","19,677.94","1.36B","-0.29%"
"01/08/2017","19,885.73","19,931.41","19,973.42","19,770.47","1.49B","-0.39%"
"01/01/2017","19,963.80","19,872.86","19,999.63","19,775.93","1.17B","1.02%"
"12/25/2016","19,762.60","19,943.46","19,981.11","19,718.67","790.84M","-0.86%"
"12/18/2016","19,933.81","19,836.66","19,987.63","19,832.95","1.26B","0.46%"
"12/11/2016","19,843.41","19,770.20","19,966.43","19,747.74","2.06B","0.44%"
"12/04/2016","19,756.85","19,244.35","19,757.74","19,184.74","1.65B","3.06%"
"11/27/2016","19,170.42","19,122.14","19,225.29","19,062.22","528.27M","0.10%"
"11/20/2016","19,152.14","18,898.68","19,152.14","18,883.10","289.60M","1.51%"
"11/13/2016","18,867.93","18,876.77","18,934.05","18,806.06","500.04M","0.11%"
"11/06/2016","18,847.66","17,994.64","18,873.66","17,994.64","618.07M","5.36%"
"10/30/2016","17,888.28","18,176.60","18,193.68","17,883.56","475.59M","-1.50%"
"10/23/2016","18,161.19","18,197.14","18,275.04","18,062.30","449.46M","0.09%"
"10/16/2016","18,145.71","18,135.85","18,252.20","18,049.77","445.46M","0.04%"
"10/09/2016","18,138.38","18,282.95","18,399.96","17,959.95","403.16M","-0.56%"
"10/02/2016","18,240.49","18,279.60","18,319.73","18,116.26","385.75M","-0.37%"
"09/25/2016","18,308.15","18,217.76","18,369.62","18,052.16","508.65M","0.26%"
"09/18/2016","18,261.45","18,154.82","18,449.88","18,093.05","404.85M","0.76%"
"09/11/2016","18,123.80","18,028.95","18,358.69","17,992.21","687.55M","0.21%"
"09/04/2016","18,085.45","18,493.40","18,551.54","18,085.45","351.02M","-2.20%"
"08/28/2016","18,491.96","18,421.29","18,544.76","18,295.48","380.79M","0.52%"
"08/21/2016","18,395.40","18,535.86","18,631.60","18,335.34","362.92M","-0.85%"
"08/14/2016","18,552.57","18,588.59","18,668.44","18,468.68","364.83M","-0.13%"
"08/07/2016","18,576.47","18,540.65","18,638.34","18,468.78","327.73M","0.18%"
"07/31/2016","18,543.53","18,434.50","18,543.53","18,247.79","408.63M","0.60%"
"07/24/2016","18,432.24","18,554.49","18,555.69","18,368.82","470.84M","-0.75%"
"07/17/2016","18,570.85","18,521.55","18,622.01","18,469.67","429.12M","0.29%"
"07/10/2016","18,516.55","18,161.53","18,557.43","18,161.53","462.75M","2.04%"
"07/03/2016","18,146.74","17,904.45","18,166.77","17,713.45","371.71M","1.10%"
"06/26/2016","17,949.37","17,355.21","18,002.38","17,063.08","572.49M","3.15%"
"06/19/2016","17,400.75","17,736.87","18,011.07","17,356.34","611.07M","-1.55%"
"06/12/2016","17,675.16","17,830.50","17,893.28","17,471.29","630.19M","-1.06%"
"06/05/2016","17,865.34","17,825.69","18,016.00","17,812.34","382.10M","0.33%"
"05/29/2016","17,807.06","17,891.50","17,899.24","17,664.79","383.76M","-0.37%"
"05/22/2016","17,873.22","17,507.04","17,891.71","17,480.05","395.58M","2.13%"
"05/15/2016","17,500.94","17,531.76","17,755.80","17,331.07","478.34M","-0.20%"
"05/08/2016","17,535.32","17,743.85","17,934.61","17,512.48","423.98M","-1.16%"
"05/01/2016","17,740.63","17,783.78","17,912.35","17,580.38","433.74M","-0.19%"
"04/24/2016","17,773.64","17,990.94","18,084.66","17,651.98","523.02M","-1.28%"
"04/17/2016","18,003.75","17,890.20","18,167.63","17,848.22","516.26M","0.59%"
"04/10/2016","17,897.46","17,586.48","17,962.14","17,553.57","482.50M","1.82%"
"04/03/2016","17,576.96","17,799.39","17,806.38","17,484.23","469.97M","-1.21%"
"03/27/2016","17,792.75","17,526.08","17,811.48","17,434.27","443.44M","1.58%"
"03/20/2016","17,515.73","17,589.70","17,648.94","17,399.01","348.19M","-0.49%"
"03/13/2016","17,602.30","17,207.49","17,620.58","17,120.35","747.10M","2.26%"
"03/06/2016","17,213.31","16,991.29","17,220.09","16,821.86","566.37M","1.21%"
"02/28/2016","17,006.77","16,634.15","17,062.38","16,510.40","533.77M","2.20%"
"02/21/2016","16,639.97","16,417.13","16,795.98","16,165.86","486.63M","1.51%"
"02/14/2016","16,391.99","16,012.39","16,511.84","16,012.39","505.41M","2.62%"
"02/07/2016","15,973.84","16,147.51","16,201.89","15,503.01","720.52M","-1.43%"
"01/31/2016","16,204.97","16,453.63","16,510.98","15,960.45","653.03M","-1.59%"
"01/24/2016","16,466.30","16,086.46","16,466.30","15,863.72","727.87M","2.32%"
"01/17/2016","16,093.51","16,009.45","16,171.96","15,450.56","627.22M","0.66%"
"01/10/2016","15,988.08","16,358.71","16,593.51","15,842.11","796.84M","-2.19%"
"01/03/2016","16,346.45","17,405.48","17,405.48","16,314.57","692.14M","-6.19%"
"12/27/2015","17,425.03","17,535.66","17,750.02","17,421.16","283.08M","-0.72%"
"12/20/2015","17,552.17","17,154.94","17,607.92","17,116.73","339.65M","2.47%"
"12/13/2015","17,128.55","17,277.11","17,796.76","17,124.31","850.10M","-0.79%"
"12/06/2015","17,265.21","17,845.49","17,845.49","17,230.50","577.22M","-3.26%"
"11/29/2015","17,847.63","17,802.84","17,901.58","17,425.56","626.93M","0.28%"
"11/22/2015","17,798.49","17,823.61","17,868.18","17,683.51","391.21M","-0.14%"
"11/15/2015","17,823.81","17,229.94","17,914.34","17,210.43","679.37M","3.35%"
"11/08/2015","17,245.24","17,900.78","17,900.78","17,238.89","573.38M","-3.71%"
"11/01/2015","17,910.33","17,672.62","17,977.85","17,655.02","499.38M","1.40%"
"10/25/2015","17,663.54","17,649.57","17,799.96","17,540.57","587.01M","0.10%"
"10/18/2015","17,646.70","17,209.43","17,679.37","17,129.19","642.71M","2.50%"
"10/11/2015","17,215.97","17,082.29","17,220.02","16,887.67","560.84M","0.77%"
"10/04/2015","17,084.49","16,502.10","17,110.88","16,502.10","567.82M","3.72%"
"09/27/2015","16,472.37","16,313.26","16,472.77","15,942.37","655.14M","0.97%"
"09/20/2015","16,314.67","16,406.10","16,578.60","16,016.36","548.77M","-0.43%"
"09/13/2015","16,384.58","16,450.86","16,933.43","16,330.87","756.64M","-0.30%"
"09/06/2015","16,433.09","16,109.93","16,664.65","16,109.93","469.98M","2.05%"
"08/30/2015","16,102.38","16,632.02","16,632.02","15,979.95","683.30M","-3.25%"
"08/23/2015","16,643.01","16,459.75","16,669.97","15,370.33","1.02B","1.11%"
"08/16/2015","16,459.75","17,472.66","17,568.40","16,459.55","611.70M","-5.82%"
"08/09/2015","17,477.40","17,375.18","17,629.13","17,125.81","486.50M","0.60%"
"08/02/2015","17,373.38","17,696.74","17,704.76","17,279.08","467.36M","-1.79%"
"07/26/2015","17,689.86","17,561.78","17,783.59","17,399.17","497.22M","0.69%"
"07/19/2015","17,568.53","18,085.91","18,137.12","17,553.73","479.68M","-2.86%"
"07/12/2015","18,086.45","17,787.27","18,131.61","17,787.27","435.12M","1.84%"
"07/05/2015","17,760.41","17,728.08","17,797.49","17,465.68","452.12M","0.17%"
"06/28/2015","17,730.11","17,936.74","17,936.74","17,576.50","412.91M","-1.21%"
"06/21/2015","17,946.68","18,027.63","18,188.81","17,890.36","495.84M","-0.38%"
"06/14/2015","18,015.95","17,890.76","18,174.73","17,698.42","614.60M","0.65%"
"06/07/2015","17,898.84","17,849.46","18,109.77","17,714.97","447.09M","0.28%"
"05/31/2015","17,849.46","18,017.82","18,168.09","17,822.90","418.92M","-0.90%"
"05/24/2015","18,010.68","18,229.75","18,229.75","17,967.74","413.16M","-1.21%"
"05/17/2015","18,232.02","18,267.25","18,351.36","18,217.14","409.62M","-0.22%"
"05/10/2015","18,272.56","18,187.78","18,272.72","17,924.80","460.31M","0.45%"
"05/03/2015","18,191.11","18,026.02","18,205.23","17,733.12","457.67M","0.93%"
"04/26/2015","18,024.06","18,097.89","18,175.56","17,774.89","569.03M","-0.31%"
"04/19/2015","18,080.14","17,841.18","18,133.03","17,841.18","508.97M","1.42%"
"04/12/2015","17,826.30","18,052.32","18,169.26","17,748.53","544.91M","-1.28%"
"04/05/2015","18,057.65","17,755.50","18,066.76","17,646.80","452.96M","1.66%"
"03/29/2015","17,763.24","17,727.48","18,008.64","17,585.01","414.24M","0.29%"
"03/22/2015","17,712.66","18,136.73","18,205.93","17,579.27","512.78M","-2.29%"
"03/15/2015","18,127.65","17,751.24","18,197.29","17,697.52","757.34M","2.13%"
"03/08/2015","17,749.31","17,856.56","18,031.04","17,620.49","533.57M","-0.60%"
"03/01/2015","17,856.78","18,134.05","18,288.63","17,825.15","443.72M","-1.52%"
"02/22/2015","18,132.70","18,140.76","18,244.38","18,054.84","426.08M","-0.04%"
"02/15/2015","18,140.44","18,019.80","18,144.29","17,878.37","364.37M","0.67%"
"02/08/2015","18,019.35","17,821.49","18,037.41","17,685.32","463.80M","1.09%"
"02/01/2015","17,824.29","17,169.99","17,951.09","17,037.76","497.00M","3.84%"
"01/25/2015","17,164.95","17,668.11","17,696.36","17,136.30","619.39M","-2.87%"
"01/18/2015","17,672.60","17,516.96","17,840.89","17,346.73","424.23M","0.92%"
"01/11/2015","17,511.57","17,742.05","17,923.01","17,243.55","536.02M","-1.27%"
"01/04/2015","17,737.37","17,821.30","17,916.04","17,262.37","517.34M","-0.54%"
"12/28/2014","17,832.99","18,046.58","18,073.04","17,731.30","260.46M","-1.22%"
"12/21/2014","18,053.71","17,812.25","18,103.45","17,812.25","276.78M","1.40%"
"12/14/2014","17,804.80","17,285.74","17,874.03","17,067.59","816.59M","3.03%"
"12/07/2014","17,280.83","17,954.94","17,960.56","17,280.83","516.24M","-3.78%"
"11/30/2014","17,958.79","17,827.27","17,991.19","17,726.55","423.13M","0.73%"
"11/23/2014","17,828.24","17,812.63","17,893.42","17,790.89","321.61M","0.10%"
"11/16/2014","17,810.06","17,631.85","17,894.83","17,603.89","450.22M","0.99%"
"11/09/2014","17,634.74","17,568.98","17,705.48","17,536.17","353.68M","0.35%"
"11/02/2014","17,573.93","17,390.90","17,575.33","17,278.36","390.98M","1.05%"
"10/26/2014","17,390.52","16,796.10","17,395.54","16,729.83","434.69M","3.48%"
"10/19/2014","16,805.41","16,373.15","16,811.71","16,260.54","481.31M","2.59%"
"10/12/2014","16,380.41","16,535.43","16,602.41","15,855.12","648.20M","-0.99%"
"10/05/2014","16,544.10","17,010.34","17,099.39","16,543.91","481.47M","-2.74%"
"09/28/2014","17,009.69","17,107.69","17,145.10","16,674.04","440.18M","-0.60%"
"09/21/2014","17,113.15","17,271.71","17,277.88","16,945.80","400.10M","-0.96%"
"09/14/2014","17,279.74","16,988.76","17,350.64","16,951.38","667.67M","1.72%"
"09/07/2014","16,987.51","17,131.71","17,137.88","16,937.67","357.93M","-0.87%"
"08/31/2014","17,137.36","17,097.42","17,161.55","17,009.07","272.33M","0.23%"
"08/24/2014","17,098.45","17,011.81","17,153.80","17,011.81","303.16M","0.57%"
"08/17/2014","17,001.22","16,664.45","17,074.59","16,664.45","334.35M","2.03%"
"08/10/2014","16,662.91","16,557.27","16,775.27","16,518.06","365.90M","0.66%"
"08/03/2014","16,553.93","16,493.72","16,596.22","16,333.78","394.33M","0.37%"
"07/27/2014","16,493.37","16,956.91","17,056.46","16,437.07","406.44M","-2.75%"
"07/20/2014","16,960.57","17,095.11","17,133.43","16,915.65","352.67M","-0.82%"
"07/13/2014","17,100.18","16,950.93","17,151.56","16,950.93","485.58M","0.92%"
"07/06/2014","16,943.81","17,063.83","17,063.83","16,805.38","331.95M","-0.73%"
"06/29/2014","17,068.26","16,852.49","17,074.65","16,801.94","289.05M","1.28%"
"06/22/2014","16,851.84","16,946.50","16,969.70","16,746.09","419.13M","-0.56%"
"06/15/2014","16,947.08","16,765.56","16,978.02","16,722.86","542.72M","1.02%"
"06/08/2014","16,775.74","16,926.08","16,970.17","16,703.73","361.33M","-0.88%"
"06/01/2014","16,924.28","16,716.85","16,924.28","16,673.65","341.95M","1.24%"
"05/25/2014","16,717.17","16,607.42","16,721.22","16,607.42","304.03M","0.67%"
"05/18/2014","16,606.27","16,490.35","16,613.07","16,341.30","354.64M","0.70%"
"05/11/2014","16,491.31","16,584.82","16,735.51","16,397.46","440.80M","-0.55%"
"05/04/2014","16,583.34","16,509.75","16,622.95","16,357.35","389.16M","0.43%"
"04/27/2014","16,512.89","16,363.20","16,620.06","16,312.66","424.26M","0.93%"
"04/20/2014","16,361.46","16,408.92","16,565.71","16,333.78","412.13M","-0.29%"
"04/13/2014","16,408.54","16,028.29","16,460.49","16,028.29","418.72M","2.38%"
"04/06/2014","16,026.75","16,414.15","16,456.12","16,015.32","538.70M","-2.35%"
"03/30/2014","16,412.71","16,324.22","16,631.63","16,324.22","452.22M","0.55%"
"03/23/2014","16,323.06","16,303.28","16,466.04","16,191.79","472.52M","0.12%"
"03/16/2014","16,302.77","16,066.37","16,456.45","16,066.37","703.39M","1.48%"
"03/09/2014","16,065.67","16,453.10","16,460.33","16,046.99","396.08M","-2.35%"
"03/02/2014","16,452.72","16,321.71","16,505.70","16,071.25","419.44M","0.80%"
"02/23/2014","16,321.71","16,102.27","16,398.95","16,102.27","657.78M","1.36%"
"02/16/2014","16,103.30","16,153.97","16,225.72","16,006.59","376.12M","-0.32%"
"02/09/2014","16,154.39","15,793.63","16,175.55","15,733.69","440.87M","2.28%"
"02/02/2014","15,794.08","15,697.69","15,798.51","15,340.69","593.04M","0.61%"
"01/26/2014","15,698.85","15,879.05","15,945.89","15,617.55","555.42M","-1.14%"
"01/19/2014","15,879.11","16,459.27","16,520.60","15,879.11","441.13M","-3.52%"
"01/12/2014","16,458.56","16,434.03","16,505.28","16,240.60","583.76M","0.13%"
"01/05/2014","16,437.05","16,474.04","16,562.32","16,378.61","443.10M","-0.20%"
"12/29/2013","16,469.99","16,484.51","16,588.25","16,416.49","286.72M","-0.05%"
"12/22/2013","16,478.41","16,225.25","16,529.01","16,225.25","209.96M","1.59%"
"12/15/2013","16,221.14","15,759.60","16,287.84","15,759.60","712.75M","2.96%"
"12/08/2013","15,755.36","16,019.49","16,058.40","15,703.79","467.45M","-1.65%"
"12/01/2013","16,020.20","16,087.12","16,098.00","15,791.29","534.02M","-0.41%"
"11/24/2013","16,086.41","16,072.09","16,174.51","16,055.46","336.41M","0.13%"
"11/17/2013","16,064.77","15,962.72","16,068.78","15,865.37","423.77M","0.65%"
"11/10/2013","15,961.70","15,759.28","15,962.98","15,672.00","480.88M","1.27%"
"11/03/2013","15,761.78","15,621.20","15,797.68","15,522.18","478.14M","0.94%"
"10/27/2013","15,615.55","15,569.19","15,721.00","15,533.48","474.41M","0.29%"
"10/20/2013","15,570.28","15,401.32","15,570.60","15,362.66","490.26M","1.11%"
"10/13/2013","15,399.65","15,231.33","15,412.97","15,136.38","530.86M","1.07%"
"10/06/2013","15,237.11","15,069.30","15,237.30","14,719.43","477.77M","1.09%"
"09/29/2013","15,072.58","15,249.82","15,249.82","14,947.03","457.28M","-1.22%"
"09/22/2013","15,258.24","15,452.31","15,466.95","15,211.81","436.95M","-1.25%"
"09/15/2013","15,451.09","15,381.36","15,709.58","15,381.36","851.55M","0.49%"
"09/08/2013","15,376.06","14,927.19","15,380.97","14,927.19","486.60M","3.04%"
"09/01/2013","14,922.50","14,801.55","15,009.84","14,777.48","474.10M","0.76%"
"08/25/2013","14,810.31","15,014.58","15,049.98","14,760.41","555.07M","-1.33%"
"08/18/2013","15,010.51","15,076.79","15,106.39","14,880.84","597.68M","-0.47%"
"08/11/2013","15,081.47","15,415.22","15,504.14","15,054.38","533.84M","-2.23%"
"08/04/2013","15,425.51","15,651.98","15,655.21","15,346.65","425.17M","-1.49%"
"07/28/2013","15,658.36","15,557.14","15,658.43","15,479.13","565.80M","0.64%"
"07/21/2013","15,558.83","15,543.97","15,604.22","15,405.16","526.98M","0.10%"
"07/14/2013","15,543.74","15,459.69","15,589.40","15,415.71","697.18M","0.51%"
"07/07/2013","15,464.30","15,137.22","15,498.39","15,137.22","606.23M","2.17%"
"06/30/2013","15,135.84","14,911.60","15,137.51","14,858.93","392.74M","1.52%"
"06/23/2013","14,909.60","14,795.79","15,075.01","14,551.27","771.49M","0.74%"
"06/16/2013","14,799.40","15,078.71","15,340.09","14,688.43","942.56M","-1.80%"
"06/09/2013","15,070.18","15,247.81","15,300.64","14,953.45","513.55M","-1.17%"
"06/02/2013","15,248.12","15,123.55","15,304.98","14,844.22","701.45M","0.88%"
"05/26/2013","15,115.57","15,307.33","15,521.49","15,115.57","574.68M","-1.23%"
"05/19/2013","15,303.10","15,348.33","15,542.40","15,180.23","665.71M","-0.33%"
"05/12/2013","15,354.40","15,113.42","15,357.40","15,053.46","663.75M","1.56%"
"05/05/2013","15,118.49","14,973.96","15,144.83","14,941.09","543.68M","0.97%"
"04/28/2013","14,973.96","14,712.55","15,009.59","14,687.05","568.99M","1.78%"
"04/21/2013","14,712.55","14,547.51","14,768.05","14,457.60","680.75M","1.13%"
"04/14/2013","14,547.51","14,865.06","14,865.06","14,444.03","821.27M","-2.14%"
"04/07/2013","14,865.06","14,565.25","14,887.51","14,497.80","619.92M","2.06%"
"03/31/2013","14,565.25","14,578.54","14,684.49","14,434.43","553.00M","-0.09%"
"03/24/2013","14,578.54","14,512.03","14,585.10","14,395.00","467.26M","0.46%"
"03/17/2013","14,512.03","14,514.11","14,546.82","14,382.09","574.94M","-0.01%"
"03/10/2013","14,514.11","14,397.07","14,539.29","14,373.32","806.07M","0.81%"
"03/03/2013","14,397.07","14,089.66","14,413.17","14,030.37","572.14M","2.18%"
"02/24/2013","14,089.66","14,000.57","14,149.15","13,784.01","694.86M","0.64%"
"02/17/2013","14,000.57","13,981.76","14,058.27","13,834.40","546.21M","0.13%"
"02/10/2013","13,981.76","13,992.97","14,038.97","13,906.73","633.25M","-0.08%"
"02/03/2013","13,992.97","14,009.79","14,022.62","13,852.20","610.76M","-0.12%"
"01/27/2013","14,009.79","13,895.98","14,019.78","13,860.58","610.02M","0.82%"
"01/20/2013","13,895.98","13,649.70","13,895.98","13,622.96","503.88M","1.80%"
"01/13/2013","13,649.70","13,488.43","13,649.93","13,445.80","784.08M","1.20%"
"01/06/2013","13,488.43","13,436.13","13,496.68","13,293.13","618.48M","0.40%"
"12/30/2012","13,435.21","12,938.19","13,447.11","12,883.89","544.39M","3.84%"
"12/23/2012","12,938.11","13,190.15","13,190.38","12,926.86","313.25M","-1.92%"
"12/16/2012","13,190.84","13,135.17","13,365.86","13,122.53","977.99M","0.43%"
"12/09/2012","13,135.01","13,154.89","13,329.44","13,118.46","589.35M","-0.15%"
"12/02/2012","13,155.13","13,027.73","13,157.28","12,923.44","640.40M","0.99%"
"11/25/2012","13,025.58","13,008.30","13,062.56","12,765.32","647.95M","0.12%"
"11/18/2012","13,009.68","12,590.23","13,011.45","12,590.23","429.48M","3.35%"
"11/11/2012","12,588.31","12,815.93","12,898.25","12,471.49","693.00M","-1.77%"
"11/04/2012","12,815.39","13,092.28","13,290.75","12,743.39","635.33M","-2.12%"
"10/28/2012","13,093.16","13,107.44","13,289.45","13,052.07","416.33M","-0.11%"
"10/21/2012","13,107.21","13,344.28","13,368.55","13,039.86","603.99M","-1.77%"
"10/14/2012","13,343.51","13,329.54","13,588.73","13,312.22","731.38M","0.11%"
"10/07/2012","13,328.85","13,610.38","13,610.38","13,296.43","476.41M","-2.07%"
"09/30/2012","13,610.15","13,437.66","13,661.87","13,424.92","522.64M","1.29%"
"09/23/2012","13,437.13","13,577.85","13,620.21","13,367.27","644.28M","-1.05%"
"09/16/2012","13,579.47","13,588.57","13,647.10","13,503.00","912.47M","-0.10%"
"09/09/2012","13,593.37","13,308.56","13,653.24","13,251.39","677.18M","2.15%"
"09/02/2012","13,306.64","13,092.15","13,320.27","12,977.09","467.33M","1.65%"
"08/26/2012","13,090.84","13,157.74","13,176.17","12,978.91","478.99M","-0.51%"
"08/19/2012","13,157.97","13,274.58","13,330.76","13,027.20","512.71M","-0.88%"
"08/12/2012","13,275.20","13,204.93","13,281.32","13,112.94","482.23M","0.51%"
"08/05/2012","13,207.95","13,099.88","13,215.97","13,094.96","435.41M","0.85%"
"07/29/2012","13,096.17","13,075.35","13,133.18","12,778.90","576.15M","0.16%"
"07/22/2012","13,075.66","12,820.45","13,117.74","12,521.84","691.75M","1.97%"
"07/15/2012","12,822.57","12,776.33","12,977.57","12,645.10","693.44M","0.36%"
"07/08/2012","12,777.09","12,772.02","12,830.29","12,492.25","607.17M","0.04%"
"07/01/2012","12,772.47","12,879.71","12,961.30","12,702.99","368.06M","-0.84%"
"06/24/2012","12,880.09","12,639.80","12,880.39","12,450.17","658.81M","1.89%"
"06/17/2012","12,640.78","12,767.02","12,898.94","12,561.46","712.30M","-0.99%"
"06/10/2012","12,767.17","12,553.81","12,774.70","12,398.48","771.13M","1.70%"
"06/03/2012","12,554.20","12,119.85","12,555.26","12,035.09","618.47M","3.59%"
"05/27/2012","12,118.57","12,454.83","12,611.61","12,107.48","598.41M","-2.70%"
"05/20/2012","12,454.83","12,369.15","12,575.96","12,311.56","647.76M","0.69%"
"05/13/2012","12,369.38","12,818.49","12,818.86","12,336.76","830.54M","-3.52%"
"05/06/2012","12,820.60","13,035.85","13,049.09","12,748.48","696.18M","-1.67%"
"04/29/2012","13,038.27","13,228.31","13,338.66","13,022.34","567.92M","-1.44%"
"04/22/2012","13,228.31","13,028.20","13,266.68","12,845.58","627.16M","1.53%"
"04/15/2012","13,029.26","12,850.88","13,131.36","12,850.80","701.73M","1.40%"
"04/08/2012","12,849.59","13,057.57","13,057.72","12,710.56","650.85M","-1.61%"
"04/01/2012","13,060.14","13,211.36","13,297.11","13,012.46","467.29M","-1.15%"
"03/25/2012","13,212.04","13,082.62","13,264.98","13,032.67","700.35M","1.00%"
"03/18/2012","13,080.73","13,231.94","13,269.71","13,002.77","655.63M","-1.15%"
"03/11/2012","13,232.62","12,920.58","13,289.08","12,919.98","981.01M","2.40%"
"03/04/2012","12,922.02","12,977.34","12,977.34","12,734.86","632.83M","-0.43%"
"02/26/2012","12,977.57","12,981.13","13,055.75","12,882.59","674.05M","-0.04%"
"02/19/2012","12,982.95","12,949.34","13,013.82","12,882.67","498.91M","0.26%"
"02/12/2012","12,949.87","12,799.11","12,967.92","12,753.62","728.95M","1.16%"
"02/05/2012","12,801.23","12,860.72","12,924.71","12,743.56","643.15M","-0.47%"
"01/29/2012","12,862.23","12,659.17","12,869.95","12,529.41","699.20M","1.59%"
"01/22/2012","12,660.46","12,720.25","12,841.95","12,580.12","708.08M","-0.47%"
"01/15/2012","12,720.48","12,423.12","12,720.48","12,423.12","705.97M","2.40%"
"01/08/2012","12,422.06","12,359.31","12,514.69","12,311.79","683.39M","0.50%"
"01/01/2012","12,359.92","12,221.19","12,479.65","12,221.19","587.24M","1.17%"
"12/25/2011","12,217.56","12,293.47","12,328.47","12,140.17","361.27M","-0.62%"
"12/18/2011","12,294.00","11,866.54","12,297.44","11,735.19","695.63M","3.60%"
"12/11/2011","11,866.39","12,181.08","12,181.38","11,786.47","1.01B","-2.61%"
"12/04/2011","12,184.26","12,021.54","12,257.67","11,966.22","788.31M","1.37%"
"11/27/2011","12,019.42","11,232.47","12,146.68","11,232.16","942.50M","7.01%"
"11/20/2011","11,231.78","11,795.55","11,795.70","11,231.56","559.22M","-4.78%"
"11/13/2011","11,796.16","12,153.00","12,170.56","11,676.35","782.01M","-2.94%"
"11/06/2011","12,153.68","11,983.02","12,187.51","11,736.93","750.25M","1.42%"
"10/30/2011","11,983.24","12,229.22","12,229.29","11,630.03","842.55M","-2.03%"
"10/23/2011","12,231.11","11,807.96","12,284.31","11,682.52","922.31M","3.58%"
"10/16/2011","11,808.79","11,643.35","11,812.46","11,296.12","941.45M","1.41%"
"10/09/2011","11,644.49","11,104.56","11,646.83","11,104.56","743.33M","4.88%"
"10/02/2011","11,103.12","10,912.10","11,232.05","10,404.49","1.11B","1.74%"
"09/25/2011","10,913.38","10,771.78","11,369.30","10,771.78","1.02B","1.32%"
"09/18/2011","10,771.48","11,506.67","11,550.22","10,597.14","1.07B","-6.41%"
"09/11/2011","11,509.09","10,990.01","11,532.47","10,824.76","1.18B","4.70%"
"09/04/2011","10,992.13","11,237.31","11,477.30","10,932.53","784.95M","-2.21%"
"08/28/2011","11,240.26","11,286.65","11,716.84","11,211.35","942.14M","-0.39%"
"08/21/2011","11,284.54","10,820.37","11,406.39","10,820.37","1.20B","4.32%"
"08/14/2011","10,817.65","11,269.85","11,529.67","10,801.41","1.19B","-4.01%"
"08/07/2011","11,269.02","11,433.93","11,434.09","10,604.07","1.93B","-1.53%"
"07/31/2011","11,444.61","12,144.22","12,282.42","11,139.00","1.30B","-5.75%"
"07/24/2011","12,143.24","12,679.72","12,679.95","12,083.45","836.29M","-4.24%"
"07/17/2011","12,681.16","12,475.11","12,751.43","12,296.23","782.01M","1.61%"
"07/10/2011","12,479.73","12,655.62","12,655.84","12,406.09","792.08M","-1.40%"
"07/03/2011","12,657.20","12,583.00","12,753.89","12,539.21","540.21M","0.59%"
"06/26/2011","12,582.77","11,934.66","12,596.13","11,934.05","793.54M","5.43%"
"06/19/2011","11,934.58","12,004.28","12,217.33","11,874.94","886.57M","-0.58%"
"06/12/2011","12,004.36","11,945.33","12,120.80","11,862.53","1.03B","0.44%"
"06/05/2011","11,951.91","12,151.19","12,183.12","11,937.42","814.08M","-1.64%"
"05/29/2011","12,151.26","12,443.40","12,574.29","12,104.03","705.42M","-2.33%"
"05/22/2011","12,441.58","12,511.36","12,511.36","12,309.52","717.48M","-0.56%"
"05/15/2011","12,512.04","12,594.77","12,642.90","12,378.84","893.71M","-0.66%"
"05/08/2011","12,595.75","12,637.83","12,781.06","12,537.17","877.06M","-0.34%"
"05/01/2011","12,638.74","12,810.16","12,876.00","12,521.28","881.46M","-1.34%"
"04/24/2011","12,810.54","12,505.99","12,832.83","12,446.05","1.00B","2.44%"
"04/17/2011","12,505.99","12,339.71","12,506.06","12,093.89","710.63M","1.33%"
"04/10/2011","12,341.83","12,380.43","12,444.00","12,163.86","741.54M","-0.31%"
"04/03/2011","12,380.05","12,374.60","12,450.93","12,320.72","720.76M","0.03%"
"03/27/2011","12,376.72","12,221.19","12,419.71","12,173.51","726.18M","1.28%"
"03/20/2011","12,220.59","11,860.11","12,259.79","11,860.11","654.39M","3.05%"
"03/13/2011","11,858.52","12,042.13","12,042.13","11,555.48","1.18B","-1.54%"
"03/06/2011","12,044.40","12,171.09","12,257.82","11,936.32","787.49M","-1.03%"
"02/27/2011","12,169.88","12,130.45","12,283.10","12,018.63","854.61M","0.33%"
"02/20/2011","12,130.45","12,389.74","12,389.82","11,983.17","753.75M","-2.10%"
"02/13/2011","12,391.25","12,266.83","12,391.29","12,193.27","796.11M","0.96%"
"02/06/2011","12,273.26","12,092.38","12,285.94","12,092.30","881.24M","1.50%"
"01/30/2011","12,092.15","11,824.39","12,092.42","11,817.88","796.40M","2.27%"
"01/23/2011","11,823.70","11,873.43","12,020.52","11,803.04","926.23M","-0.41%"
"01/16/2011","11,871.84","11,783.82","11,905.48","11,744.77","799.92M","0.72%"
"01/09/2011","11,787.38","11,672.34","11,794.15","11,573.87","815.17M","0.96%"
"01/02/2011","11,674.76","11,577.43","11,742.68","11,577.35","933.84M","0.84%"
"12/26/2010","11,577.51","11,572.81","11,625.00","11,518.44","438.87M","0.03%"
"12/19/2010","11,573.49","11,491.30","11,580.84","11,442.68","467.66M","0.71%"
"12/12/2010","11,491.91","11,406.16","11,519.04","11,405.33","1.01B","0.72%"
"12/05/2010","11,410.32","11,381.33","11,450.89","11,327.49","770.67M","0.25%"
"11/28/2010","11,382.09","11,083.75","11,388.87","10,929.28","949.34M","2.62%"
"11/21/2010","11,092.00","11,201.66","11,206.05","10,992.17","552.35M","-1.00%"
"11/14/2010","11,203.55","11,194.02","11,280.90","10,978.93","961.65M","0.10%"
"11/07/2010","11,192.58","11,439.54","11,439.61","11,143.84","984.38M","-2.20%"
"10/31/2010","11,444.08","11,120.30","11,451.53","11,062.33","924.45M","2.93%"
"10/24/2010","11,118.49","11,133.40","11,247.60","11,020.82","840.14M","-0.13%"
"10/17/2010","11,132.56","11,062.63","11,213.54","10,917.62","940.71M","0.63%"
"10/10/2010","11,062.78","11,006.93","11,155.23","10,913.84","1.01B","0.51%"
"10/03/2010","11,006.48","10,828.85","11,032.17","10,711.12","834.25M","1.63%"
"09/26/2010","10,829.68","10,860.03","10,948.88","10,728.64","846.28M","-0.28%"
"09/19/2010","10,860.26","10,608.08","10,865.78","10,608.08","848.55M","2.38%"
"09/12/2010","10,607.85","10,458.60","10,650.16","10,458.60","1.09B","1.39%"
"09/05/2010","10,462.77","10,446.80","10,476.62","10,332.40","619.70M","0.14%"
"08/29/2010","10,447.93","10,145.58","10,451.15","9,941.84","930.15M","2.93%"
"08/22/2010","10,150.65","10,215.51","10,304.70","9,936.62","964.63M","-0.62%"
"08/15/2010","10,213.62","10,303.07","10,480.44","10,147.24","984.82M","-0.87%"
"08/08/2010","10,303.15","10,654.62","10,719.94","10,268.71","961.80M","-3.29%"
"08/01/2010","10,653.56","10,468.82","10,702.99","10,468.59","800.37M","1.79%"
"07/25/2010","10,465.94","10,424.17","10,584.99","10,347.50","931.71M","0.40%"
"07/18/2010","10,424.62","10,098.12","10,441.95","10,007.76","977.49M","3.24%"
"07/11/2010","10,097.90","10,199.24","10,407.82","10,079.58","1.06B","-0.98%"
"07/04/2010","10,198.03","9,689.21","10,201.77","9,659.01","763.31M","5.28%"
"06/27/2010","9,686.48","10,143.05","10,201.93","9,614.32","1.15B","-4.51%"
"06/20/2010","10,143.81","10,452.46","10,594.16","10,081.08","1.21B","-2.94%"
"06/13/2010","10,450.64","10,211.83","10,483.44","10,186.21","1.07B","2.35%"
"06/06/2010","10,211.07","9,931.75","10,215.98","9,757.55","1.11B","2.81%"
"05/30/2010","9,931.97","10,133.94","10,315.21","9,889.88","856.21M","-2.02%"
"05/23/2010","10,136.63","10,193.46","10,264.20","9,774.48","1.35B","-0.56%"
"05/16/2010","10,193.39","10,616.98","10,718.86","9,918.82","1.53B","-4.02%"
"05/09/2010","10,620.16","10,386.18","10,920.27","10,386.03","1.19B","2.31%"
"05/02/2010","10,380.43","11,009.60","11,177.67","9,869.62","1.53B","-5.71%"
"04/25/2010","11,008.61","11,205.11","11,258.01","10,965.38","1.14B","-1.75%"
"04/18/2010","11,204.28","11,018.36","11,205.64","10,977.85","1.00B","1.68%"
"04/11/2010","11,018.66","10,996.75","11,154.55","10,947.77","1.14B","0.19%"
"04/04/2010","10,997.35","10,927.45","11,000.98","10,844.09","796.00M","0.64%"
"03/28/2010","10,927.07","10,849.23","10,956.39","10,832.83","642.09M","0.71%"
"03/21/2010","10,850.36","10,741.00","10,955.48","10,695.13","917.73M","1.01%"
"03/14/2010","10,741.98","10,623.41","10,819.90","10,570.51","1.17B","1.10%"
"03/07/2010","10,624.69","10,563.78","10,644.95","10,507.17","894.34M","0.55%"
"02/28/2010","10,566.20","10,326.10","10,571.94","10,326.10","924.22M","2.33%"
"02/21/2010","10,325.26","10,402.43","10,433.64","10,185.83","1.06B","-0.74%"
"02/14/2010","10,402.35","10,100.81","10,438.55","10,100.81","855.23M","3.00%"
"02/07/2010","10,099.14","10,005.43","10,161.57","9,904.09","1.12B","0.87%"
"01/31/2010","10,012.23","10,068.99","10,314.84","9,835.09","1.25B","-0.55%"
"01/24/2010","10,067.33","10,175.10","10,285.13","10,043.75","1.25B","-1.04%"
"01/17/2010","10,172.98","10,608.37","10,729.89","10,157.64","1.02B","-4.12%"
"01/10/2010","10,609.65","10,620.31","10,723.77","10,561.06","1.17B","-0.08%"
"01/03/2010","10,618.19","10,430.69","10,619.40","10,430.69","944.47M","1.82%"
"12/27/2009","10,428.05","10,517.91","10,580.33","10,423.13","443.00M","-0.87%"
"12/20/2009","10,520.10","10,330.10","10,522.06","10,329.80","464.67M","1.85%"
"12/13/2009","10,328.89","10,471.28","10,514.66","10,263.90","1.23B","-1.36%"
"12/06/2009","10,471.50","10,386.86","10,484.05","10,235.63","982.83M","0.80%"
"11/29/2009","10,388.90","10,309.77","10,516.70","10,263.29","1.28B","0.77%"
"11/22/2009","10,309.92","10,320.13","10,495.61","10,231.25","606.47M","-0.08%"
"11/15/2009","10,318.16","10,267.53","10,438.17","10,256.11","953.90M","0.46%"
"11/08/2009","10,270.47","10,020.62","10,341.97","10,020.62","939.43M","2.46%"
"11/01/2009","10,023.42","9,712.13","10,044.50","9,678.95","1.09B","3.20%"
"10/25/2009","9,712.73","9,972.33","10,072.32","9,684.54","1.34B","-2.60%"
"10/18/2009","9,972.18","9,996.67","10,119.47","9,916.78","1.19B","-0.24%"
"10/11/2009","9,995.91","9,865.24","10,062.94","9,815.06","1.22B","1.33%"
"10/04/2009","9,864.94","9,488.73","9,865.01","9,481.09","918.22M","3.98%"
"09/27/2009","9,487.67","9,663.23","9,834.48","9,430.08","1.07B","-1.84%"
"09/20/2009","9,665.19","9,818.61","9,917.99","9,641.01","992.03M","-1.58%"
"09/13/2009","9,820.20","9,598.08","9,854.58","9,535.96","1.31B","2.24%"
"09/06/2009","9,605.41","9,440.13","9,649.85","9,439.98","824.09M","1.74%"
"08/30/2009","9,441.27","9,542.91","9,557.95","9,252.93","965.64M","-1.08%"
"08/23/2009","9,544.20","9,506.18","9,630.20","9,459.40","888.89M","0.40%"
"08/16/2009","9,505.96","9,313.85","9,519.11","9,116.52","987.80M","1.98%"
"08/09/2009","9,321.40","9,368.41","9,424.11","9,216.88","848.56M","-0.52%"
"08/02/2009","9,370.07","9,173.65","9,437.71","9,173.65","1.12B","2.16%"
"07/26/2009","9,171.61","9,093.09","9,246.43","9,007.47","1.06B","0.86%"
"07/19/2009","9,093.24","8,746.05","9,100.88","8,745.90","1.12B","3.99%"
"07/12/2009","8,743.94","8,146.82","8,754.29","8,130.42","1.27B","7.33%"
"07/05/2009","8,146.52","8,279.30","8,327.97","8,087.19","1.11B","-1.62%"
"06/28/2009","8,280.74","8,440.13","8,580.47","8,280.74","792.22M","-1.87%"
"06/21/2009","8,438.39","8,538.52","8,538.83","8,259.43","1.25B","-1.19%"
"06/14/2009","8,539.73","8,798.50","8,798.50","8,461.29","1.46B","-2.95%"
"06/07/2009","8,799.26","8,759.35","8,877.93","8,633.07","1.01B","0.41%"
"05/31/2009","8,763.13","8,501.53","8,839.40","8,501.29","1.36B","3.09%"
"05/24/2009","8,500.33","8,275.33","8,522.95","8,226.90","1.25B","2.69%"
"05/17/2009","8,277.32","8,270.15","8,591.93","8,221.01","1.58B","0.10%"
"05/10/2009","8,268.64","8,569.23","8,569.23","8,230.17","1.64B","-3.57%"
"05/03/2009","8,574.65","8,213.60","8,587.55","8,213.60","2.03B","4.41%"
"04/26/2009","8,212.41","8,073.82","8,307.51","7,938.98","1.44B","1.69%"
"04/19/2009","8,076.29","8,128.94","8,128.94","7,791.95","1.99B","-0.68%"
"04/12/2009","8,131.33","8,082.02","8,190.66","7,870.48","2.25B","0.59%"
"04/05/2009","8,083.38","8,016.16","8,087.28","7,750.85","1.24B","0.82%"
"03/29/2009","8,017.59","7,773.31","8,075.73","7,437.59","1.90B","3.10%"
"03/22/2009","7,776.18","7,279.25","7,931.33","7,278.78","2.07B","6.84%"
"03/15/2009","7,278.38","7,225.33","7,571.64","7,172.05","2.80B","0.75%"
"03/08/2009","7,223.98","6,625.74","7,242.62","6,516.86","2.50B","9.01%"
"03/01/2009","6,626.94","7,056.48","7,058.95","6,469.95","2.41B","-6.17%"
"02/22/2009","7,062.93","7,365.99","7,441.02","7,033.62","2.31B","-4.11%"
"02/15/2009","7,365.67","7,845.63","7,845.63","7,249.47","1.49B","-6.17%"
"02/08/2009","7,850.41","8,281.38","8,315.07","7,693.98","1.59B","-5.20%"
"02/01/2009","8,280.59","8,000.62","8,312.37","7,845.31","1.74B","3.50%"
"01/25/2009","8,000.86","8,078.04","8,405.87","7,961.92","1.47B","-0.95%"
"01/18/2009","8,077.56","8,279.63","8,291.98","7,909.03","1.62B","-2.46%"
"01/11/2009","8,281.22","8,599.26","8,602.60","7,995.13","1.81B","-3.70%"
"01/04/2009","8,599.18","9,027.13","9,088.06","8,576.96","1.15B","-4.82%"
"12/28/2008","9,034.69","8,515.87","9,065.28","8,364.06","756.76M","6.10%"
"12/21/2008","8,515.55","8,573.37","8,604.12","8,372.02","539.43M","-0.74%"
"12/14/2008","8,579.11","8,628.81","8,961.26","8,469.03","1.63B","-0.59%"
"12/07/2008","8,629.68","8,637.65","9,026.41","8,347.81","1.44B","-0.07%"
"11/30/2008","8,635.42","8,826.89","8,827.05","8,118.50","1.55B","-2.19%"
"11/23/2008","8,829.04","8,048.09","8,831.35","8,048.09","1.31B","9.73%"
"11/16/2008","8,046.42","8,494.84","8,571.30","7,449.38","2.09B","-5.31%"
"11/09/2008","8,497.31","8,946.60","9,159.58","7,965.42","1.57B","-4.99%"
"11/02/2008","8,943.81","9,326.04","9,653.95","8,637.17","1.29B","-4.09%"
"10/26/2008","9,325.01","8,375.92","9,454.36","8,143.59","1.55B","11.29%"
"10/19/2008","8,378.95","8,852.30","9,284.55","8,187.48","1.50B","-5.35%"
"10/12/2008","8,852.22","8,462.42","9,794.37","8,197.67","1.97B","4.75%"
"10/05/2008","8,451.19","10,322.52","10,322.76","7,882.51","2.34B","-18.15%"
"09/28/2008","10,325.38","11,139.62","11,139.94","10,310.25","1.66B","-7.34%"
"09/21/2008","11,143.13","11,394.42","11,394.58","10,753.57","1.05B","-2.15%"
"09/14/2008","11,388.44","11,416.37","11,483.05","10,459.44","2.53B","-0.29%"
"09/07/2008","11,421.99","11,224.87","11,577.50","11,098.67","1.23B","1.79%"
"08/31/2008","11,220.96","11,545.63","11,790.17","11,037.85","778.84M","-2.79%"
"08/24/2008","11,543.55","11,626.19","11,715.18","11,340.41","705.06M","-0.73%"
"08/17/2008","11,628.06","11,659.65","11,690.43","11,290.58","741.56M","-0.27%"
"08/10/2008","11,659.90","11,729.67","11,867.11","11,450.89","914.16M","-0.63%"
"08/03/2008","11,734.32","11,326.32","11,759.96","11,221.53","1.03B","3.60%"
"07/27/2008","11,326.32","11,369.47","11,586.62","11,125.13","1.02B","-0.39%"
"07/20/2008","11,370.69","11,495.02","11,698.17","11,325.10","1.18B","-1.09%"
"07/13/2008","11,496.57","11,103.64","11,510.82","10,827.71","1.56B","3.57%"
"07/06/2008","11,100.54","11,289.19","11,418.24","10,977.68","1.27B","-1.67%"
"06/29/2008","11,288.54","11,345.70","11,437.30","11,157.21","961.25M","-0.51%"
"06/22/2008","11,346.51","11,843.83","11,924.19","11,297.99","1.29B","-4.19%"
"06/15/2008","11,842.69","12,306.86","12,322.82","11,818.83","1.27B","-3.78%"
"06/08/2008","12,307.35","12,210.13","12,369.23","12,076.93","1.26B","0.80%"
"06/01/2008","12,209.81","12,637.67","12,638.08","12,192.06","1.21B","-3.39%"
"05/25/2008","12,638.32","12,479.63","12,726.66","12,442.59","831.86M","1.27%"
"05/18/2008","12,479.63","12,985.41","13,136.69","12,460.09","1.13B","-3.91%"
"05/11/2008","12,986.80","12,745.55","13,001.94","12,740.50","1.11B","1.89%"
"05/04/2008","12,745.88","13,056.57","13,058.45","12,715.02","1.01B","-2.39%"
"04/27/2008","13,058.20","12,890.72","13,132.46","12,793.10","1.15B","1.29%"
"04/20/2008","12,891.86","12,850.91","12,942.26","12,656.56","1.14B","0.33%"
"04/13/2008","12,849.36","12,324.77","12,893.98","12,269.81","1.22B","4.25%"
"04/06/2008","12,325.42","12,612.59","12,733.66","12,302.06","1.10B","-2.25%"
"03/30/2008","12,609.42","12,215.92","12,696.29","12,176.11","1.17B","3.22%"
"03/23/2008","12,216.40","12,361.97","12,622.07","12,196.87","1.18B","-1.17%"
"03/16/2008","12,361.32","11,946.45","12,461.53","11,756.60","1.58B","3.43%"
"03/09/2008","11,951.09","11,893.04","12,303.35","11,731.60","1.69B","0.48%"
"03/02/2008","11,893.69","12,264.36","12,349.67","11,819.69","1.50B","-3.04%"
"02/24/2008","12,266.39","12,380.77","12,756.56","12,223.57","1.44B","-0.93%"
"02/17/2008","12,381.02","12,349.59","12,505.25","12,155.26","1.16B","0.27%"
"02/10/2008","12,348.21","12,181.89","12,573.13","12,069.47","1.28B","1.36%"
"02/03/2008","12,182.13","12,743.11","12,749.78","12,103.37","1.46B","-4.40%"
"01/27/2008","12,743.19","12,205.71","12,767.74","12,112.14","1.67B","4.39%"
"01/20/2008","12,207.17","12,092.72","12,486.89","11,634.82","1.82B","0.89%"
"01/13/2008","12,099.30","12,613.78","12,794.57","12,022.48","2.01B","-4.02%"
"01/06/2008","12,606.30","12,801.15","12,931.29","12,501.76","1.59B","-1.51%"
"12/30/2007","12,800.18","13,364.16","13,364.73","12,789.04","911.65M","-4.23%"
"12/23/2007","13,365.87","13,450.73","13,563.48","13,298.15","497.51M","-0.63%"
"12/16/2007","13,450.65","13,339.20","13,473.98","13,092.00","1.32B","0.83%"
"12/09/2007","13,339.85","13,623.55","13,780.11","13,321.64","1.28B","-2.10%"
"12/02/2007","13,625.58","13,368.22","13,668.10","13,237.59","1.05B","1.90%"
"11/25/2007","13,371.72","12,979.99","13,466.99","12,724.09","1.39B","3.01%"
"11/18/2007","12,980.88","13,176.30","13,176.30","12,786.03","1.02B","-1.49%"
"11/11/2007","13,176.79","13,039.16","13,367.17","12,975.11","1.42B","1.03%"
"11/04/2007","13,042.74","13,592.58","13,669.72","13,017.30","1.55B","-4.06%"
"10/28/2007","13,595.10","13,807.35","13,962.53","13,446.02","1.29B","-1.53%"
"10/21/2007","13,806.70","13,521.62","13,811.25","13,407.49","1.28B","2.11%"
"10/14/2007","13,522.02","14,092.43","14,118.52","13,511.94","1.30B","-4.05%"
"10/07/2007","14,093.08","14,065.36","14,198.10","13,950.25","870.27M","0.19%"
"09/30/2007","14,066.01","13,895.71","14,124.54","13,893.51","880.76M","1.23%"
"09/23/2007","13,895.63","13,821.57","13,924.81","13,696.31","1.02B","0.55%"
"09/16/2007","13,820.19","13,441.95","13,877.17","13,362.37","1.34B","2.81%"
"09/09/2007","13,442.52","13,116.39","13,469.27","13,021.93","1.03B","2.51%"
"09/02/2007","13,113.38","13,358.39","13,494.06","13,082.17","936.01M","-1.83%"
"08/26/2007","13,357.74","13,377.16","13,428.95","13,034.78","1.04B","-0.16%"
"08/19/2007","13,378.87","13,078.51","13,381.47","12,982.75","1.03B","2.29%"
"08/12/2007","13,079.08","13,238.24","13,338.15","12,517.94","1.64B","-1.21%"
"08/05/2007","13,239.54","13,183.13","13,695.82","13,057.86","1.57B","0.44%"
"07/29/2007","13,181.91","13,266.21","13,503.33","13,132.65","1.54B","-0.63%"
"07/22/2007","13,265.47","13,851.73","13,973.99","13,265.47","1.57B","-4.23%"
"07/15/2007","13,851.08","13,907.09","14,021.95","13,797.67","1.44B","-0.40%"
"07/08/2007","13,907.25","13,612.66","13,932.29","13,474.79","1.22B","2.17%"
"07/01/2007","13,611.68","13,409.60","13,633.63","13,409.52","672.87M","1.51%"
"06/24/2007","13,408.62","13,360.09","13,524.54","13,259.86","1.21B","0.36%"
"06/17/2007","13,360.26","13,639.00","13,674.36","13,359.69","1.30B","-2.05%"
"06/10/2007","13,639.48","13,423.74","13,688.66","13,287.62","1.32B","1.60%"
"06/03/2007","13,424.39","13,667.21","13,690.38","13,251.53","1.18B","-1.78%"
"05/27/2007","13,668.11","13,507.28","13,692.00","13,456.73","886.70M","1.19%"
"05/20/2007","13,507.28","13,556.53","13,624.55","13,423.90","1.05B","-0.36%"
"05/13/2007","13,556.53","13,325.81","13,558.48","13,297.04","1.18B","1.73%"
"05/06/2007","13,326.22","13,264.13","13,369.29","13,210.90","1.10B","0.46%"
"04/29/2007","13,264.62","13,120.21","13,284.53","13,041.30","1.25B","1.10%"
"04/22/2007","13,120.94","12,961.49","13,148.00","12,901.68","1.23B","1.23%"
"04/15/2007","12,961.98","12,611.64","12,966.29","12,611.31","1.42B","2.77%"
"04/08/2007","12,612.13","12,562.64","12,615.38","12,428.22","1.09B","0.41%"
"04/01/2007","12,560.20","12,354.52","12,572.47","12,324.28","804.96M","1.67%"
"03/25/2007","12,354.35","12,480.37","12,486.78","12,242.60","1.10B","-1.01%"
"03/18/2007","12,481.01","12,110.41","12,511.05","12,110.41","1.09B","3.06%"
"03/11/2007","12,110.41","12,275.68","12,349.95","11,939.61","1.49B","-1.35%"
"03/04/2007","12,276.32","12,111.61","12,330.88","12,039.11","1.27B","1.34%"
"02/25/2007","12,114.10","12,647.88","12,697.23","12,059.54","1.72B","-4.22%"
"02/18/2007","12,647.48","12,766.85","12,795.93","12,628.02","841.52M","-0.94%"
"02/11/2007","12,767.57","12,580.11","12,779.03","12,536.21","1.02B","1.48%"
"02/04/2007","12,580.83","12,653.41","12,700.28","12,545.10","1.01B","-0.57%"
"01/28/2007","12,653.49","12,487.10","12,683.93","12,459.46","1.18B","1.33%"
"01/21/2007","12,487.02","12,566.33","12,623.45","12,431.34","1.19B","-0.62%"
"01/14/2007","12,565.53","12,555.84","12,614.00","12,523.55","1.05B","0.08%"
"01/07/2007","12,556.08","12,392.01","12,561.04","12,337.37","1.19B","1.27%"
"12/31/2006","12,398.01","12,459.54","12,580.35","12,365.41","821.48M","-0.52%"
"12/24/2006","12,463.15","12,341.94","12,529.88","12,337.05","542.17M","0.97%"
"12/17/2006","12,343.22","12,446.24","12,498.47","12,341.70","994.20M","-0.82%"
"12/10/2006","12,445.52","12,306.21","12,486.30","12,252.05","1.35B","1.12%"
"12/03/2006","12,307.49","12,195.57","12,360.76","12,195.57","1.18B","0.93%"
"11/26/2006","12,194.13","12,279.13","12,279.53","12,072.60","1.25B","-0.70%"
"11/19/2006","12,280.17","12,340.71","12,361.00","12,258.86","701.00M","-0.51%"
"11/12/2006","12,342.56","12,097.70","12,342.56","12,084.81","1.22B","1.93%"
"11/05/2006","12,108.43","11,985.16","12,196.32","11,984.76","1.17B","1.02%"
"10/29/2006","11,986.04","12,089.14","12,123.96","11,965.31","1.15B","-0.86%"
"10/22/2006","12,090.26","12,001.33","12,167.02","11,971.79","1.30B","0.73%"
"10/15/2006","12,002.37","11,961.31","12,049.51","11,887.19","1.31B","0.35%"
"10/08/2006","11,960.51","11,849.56","11,960.51","11,794.17","1.25B","0.93%"
"10/01/2006","11,850.21","11,678.99","11,870.06","11,653.06","1.21B","1.47%"
"09/24/2006","11,679.07","11,509.30","11,741.99","11,486.00","1.30B","1.49%"
"09/17/2006","11,508.10","11,559.97","11,630.56","11,474.56","1.04B","-0.46%"
"09/10/2006","11,560.77","11,389.87","11,613.51","11,342.17","1.24B","1.48%"
"09/03/2006","11,392.11","11,461.83","11,488.17","11,323.84","751.28M","-0.63%"
"08/27/2006","11,464.15","11,285.33","11,476.48","11,273.49","884.49M","1.60%"
"08/20/2006","11,284.05","11,380.67","11,383.71","11,260.28","901.23M","-0.86%"
"08/13/2006","11,381.47","11,089.07","11,381.47","11,079.78","1.16B","2.65%"
"08/06/2006","11,088.03","11,239.47","11,276.29","11,042.64","991.40M","-1.36%"
"07/30/2006","11,240.35","11,218.90","11,344.17","11,083.86","1.08B","0.18%"
"07/23/2006","11,219.70","10,868.70","11,243.31","10,868.62","1.39B","3.23%"
"07/16/2006","10,868.38","10,739.35","11,038.48","10,683.32","1.65B","1.20%"
"07/09/2006","10,739.35","11,091.71","11,174.47","10,701.34","1.41B","-3.17%"
"07/02/2006","11,090.67","11,149.34","11,257.08","11,066.01","861.35M","-0.53%"
"06/25/2006","11,150.22","10,990.29","11,235.63","10,902.48","1.44B","1.47%"
"06/18/2006","10,989.09","11,014.87","11,131.73","10,907.29","1.39B","-0.23%"
"06/11/2006","11,014.55","10,892.00","11,045.20","10,698.85","1.84B","1.13%"
"06/04/2006","10,891.92","11,247.55","11,248.79","10,757.55","1.69B","-3.16%"
"05/28/2006","11,247.87","11,277.25","11,285.82","11,085.38","1.18B","-0.27%"
"05/21/2006","11,278.61","11,143.42","11,283.49","11,030.47","1.60B","1.21%"
"05/14/2006","11,144.06","11,380.43","11,460.55","11,075.22","1.83B","-2.08%"
"05/07/2006","11,380.99","11,576.37","11,670.19","11,374.74","1.50B","-1.70%"
"04/30/2006","11,577.74","11,367.78","11,586.38","11,329.44","1.75B","1.85%"
"04/23/2006","11,367.14","11,346.81","11,417.66","11,260.84","1.89B","0.17%"
"04/16/2006","11,347.45","11,137.33","11,405.88","11,039.12","1.50B","1.88%"
"04/09/2006","11,137.65","11,119.88","11,186.64","11,053.17","916.93M","0.16%"
"04/02/2006","11,120.04","11,113.00","11,269.30","11,108.02","1.27B","0.10%"
"03/26/2006","11,109.32","11,280.13","11,281.77","11,105.65","1.37B","-1.51%"
"03/19/2006","11,279.97","11,278.93","11,334.96","11,221.54","1.46B","0.00%"
"03/12/2006","11,279.65","11,067.61","11,290.07","11,056.33","1.56B","1.84%"
"03/05/2006","11,076.34","11,022.47","11,098.99","10,922.73","1.38B","0.50%"
"02/26/2006","11,021.59","11,062.81","11,132.61","10,978.61","1.50B","-0.36%"
"02/19/2006","11,061.85","11,115.48","11,159.18","11,010.22","1.13B","-0.48%"
"02/12/2006","11,115.32","10,915.21","11,131.95","10,849.89","1.48B","1.80%"
"02/05/2006","10,919.05","10,793.30","10,952.27","10,737.67","1.56B","1.16%"
"01/29/2006","10,793.62","10,908.49","10,967.57","10,779.06","1.69B","-1.04%"
"01/22/2006","10,907.21","10,668.75","10,932.34","10,666.35","1.95B","2.25%"
"01/15/2006","10,667.39","10,957.55","10,957.87","10,661.15","1.43B","-2.67%"
"01/08/2006","10,959.87","10,959.47","11,047.76","10,921.53","1.23B","0.01%"
"01/01/2006","10,959.31","10,718.30","10,968.84","10,684.45","1.12B","2.26%"
"12/25/2005","10,717.50","10,883.75","10,932.82","10,709.42","678.45M","-1.52%"
"12/18/2005","10,883.27","10,875.51","10,922.41","10,789.62","1.20B","0.07%"
"12/11/2005","10,875.59","10,778.66","10,940.34","10,735.11","1.64B","0.90%"
"12/04/2005","10,778.58","10,876.95","10,924.90","10,729.67","1.24B","-0.91%"
"11/27/2005","10,877.51","10,932.74","10,959.79","10,803.87","1.24B","-0.49%"
"11/20/2005","10,931.62","10,766.33","10,955.48","10,761.05","920.66M","1.54%"
"11/13/2005","10,766.33","10,686.60","10,796.26","10,652.27","1.39B","0.75%"
"11/06/2005","10,686.04","10,531.24","10,696.45","10,519.39","1.18B","1.47%"
"10/30/2005","10,530.76","10,403.17","10,561.16","10,388.76","1.45B","1.23%"
"10/23/2005","10,402.77","10,216.11","10,434.47","10,216.11","1.30B","1.84%"
"10/16/2005","10,215.22","10,287.42","10,432.78","10,193.45","1.55B","-0.70%"
"10/09/2005","10,287.34","10,292.95","10,323.12","10,156.46","1.30B","-0.05%"
"10/02/2005","10,292.31","10,569.50","10,608.56","10,218.09","1.36B","-2.62%"
"09/25/2005","10,568.70","10,420.22","10,569.81","10,410.11","1.16B","1.43%"
"09/18/2005","10,419.59","10,641.87","10,644.57","10,350.96","1.24B","-2.09%"
"09/11/2005","10,641.94","10,678.41","10,701.81","10,520.93","1.41B","-0.34%"
"09/04/2005","10,678.56","10,447.69","10,695.92","10,447.69","930.60M","2.21%"
"08/28/2005","10,447.37","10,396.90","10,513.76","10,349.37","1.20B","0.48%"
"08/21/2005","10,397.29","10,559.78","10,641.15","10,383.98","1.06B","-1.53%"
"08/14/2005","10,559.23","10,599.19","10,655.08","10,503.37","1.07B","-0.39%"
"08/07/2005","10,600.31","10,557.24","10,719.41","10,524.91","1.10B","0.40%"
"07/31/2005","10,558.03","10,641.78","10,699.19","10,554.45","1.12B","-0.78%"
"07/24/2005","10,640.91","10,651.66","10,717.73","10,572.92","1.06B","-0.10%"
"07/17/2005","10,651.18","10,640.19","10,700.06","10,574.99","1.35B","0.10%"
"07/10/2005","10,640.83","10,449.60","10,657.69","10,449.60","1.18B","1.83%"
"07/03/2005","10,449.14","10,303.13","10,462.26","10,175.40","997.40M","1.41%"
"06/26/2005","10,303.44","10,298.07","10,433.79","10,253.49","1.19B","0.05%"
"06/19/2005","10,297.84","10,621.54","10,646.24","10,297.84","1.21B","-3.06%"
"06/12/2005","10,623.07","10,503.57","10,656.29","10,474.38","1.21B","1.05%"
"06/05/2005","10,512.63","10,461.64","10,578.84","10,430.97","1.01B","0.49%"
"05/29/2005","10,460.97","10,541.89","10,586.37","10,448.41","883.78M","-0.77%"
"05/22/2005","10,542.55","10,472.80","10,560.81","10,426.39","980.61M","0.67%"
"05/15/2005","10,471.91","10,139.61","10,499.26","10,138.28","1.20B","3.27%"
"05/08/2005","10,140.12","10,345.40","10,384.86","10,075.55","1.16B","-1.98%"
"05/01/2005","10,345.40","10,192.00","10,405.77","10,188.07","1.26B","1.50%"
"04/24/2005","10,192.51","10,158.52","10,263.60","10,048.12","1.32B","0.34%"
"04/17/2005","10,157.71","10,088.54","10,219.34","10,000.46","1.47B","0.70%"
"04/10/2005","10,087.51","10,462.08","10,529.77","10,076.57","1.46B","-3.57%"
"04/03/2005","10,461.34","10,401.71","10,557.11","10,356.71","1.29B","0.55%"
"03/27/2005","10,404.30","10,444.13","10,568.93","10,381.02","1.37B","-0.37%"
"03/20/2005","10,442.87","10,629.90","10,630.49","10,430.53","1.13B","-1.76%"
"03/13/2005","10,629.67","10,773.92","10,838.65","10,557.04","1.51B","-1.34%"
"03/06/2005","10,774.36","10,940.55","10,984.46","10,758.55","1.17B","-1.52%"
"02/27/2005","10,940.55","10,842.05","10,962.42","10,730.47","1.24B","0.91%"
"02/20/2005","10,841.60","10,783.38","10,845.60","10,608.98","1.11B","0.52%"
"02/13/2005","10,785.22","10,795.72","10,853.43","10,730.32","1.31B","-0.10%"
"02/06/2005","10,796.01","10,715.76","10,829.19","10,660.42","1.29B","0.75%"
"01/30/2005","10,716.13","10,428.76","10,723.89","10,428.76","1.34B","2.77%"
"01/23/2005","10,427.20","10,393.58","10,531.99","10,368.61","1.40B","0.33%"
"01/16/2005","10,392.99","10,554.23","10,628.94","10,390.85","1.03B","-1.56%"
"01/09/2005","10,558.00","10,603.44","10,663.74","10,485.73","1.28B","-0.43%"
"01/02/2005","10,603.96","10,783.75","10,867.39","10,571.74","1.30B","-1.66%"
"12/26/2004","10,783.01","10,828.01","10,868.07","10,773.92","790.19M","-0.41%"
"12/19/2004","10,827.12","10,652.14","10,864.67","10,652.07","1.04B","1.66%"
"12/12/2004","10,649.92","10,543.44","10,739.33","10,543.21","1.78B","1.01%"
"12/05/2004","10,543.22","10,591.32","10,591.99","10,418.63","1.25B","-0.46%"
"11/28/2004","10,592.21","10,520.64","10,643.05","10,417.08","1.42B","0.67%"
"11/21/2004","10,522.23","10,455.73","10,543.29","10,432.01","790.79M","0.62%"
"11/14/2004","10,456.91","10,541.89","10,602.85","10,438.58","1.32B","-0.78%"
"11/07/2004","10,539.01","10,385.15","10,539.60","10,361.44","1.36B","1.46%"
"10/31/2004","10,387.54","10,028.73","10,416.67","10,010.15","1.60B","3.59%"
"10/24/2004","10,027.47","9,757.22","10,044.95","9,708.40","1.28B","2.76%"
"10/17/2004","9,757.81","9,932.98","10,020.55","9,753.02","1.30B","-1.77%"
"10/10/2004","9,933.38","10,056.09","10,127.17","9,875.13","1.24B","-1.21%"
"10/03/2004","10,055.20","10,191.40","10,270.37","10,036.32","1.21B","-1.35%"
"09/26/2004","10,192.65","10,046.65","10,198.62","9,977.92","1.28B","1.45%"
"09/19/2004","10,047.24","10,283.87","10,283.87","10,031.16","1.11B","-2.31%"
"09/12/2004","10,284.46","10,306.65","10,348.39","10,228.64","1.06B","-0.28%"
"09/05/2004","10,313.07","10,261.52","10,363.36","10,237.78","867.50M","0.52%"
"08/29/2004","10,260.20","10,193.83","10,321.77","10,074.22","847.25M","0.64%"
"08/22/2004","10,195.01","10,111.10","10,211.25","10,062.13","706.67M","0.84%"
"08/15/2004","10,110.14","9,825.35","10,126.88","9,825.35","887.43M","2.90%"
"08/08/2004","9,825.35","9,816.14","9,954.18","9,783.91","929.51M","0.10%"
"08/01/2004","9,815.33","10,138.45","10,203.56","9,793.05","919.76M","-3.20%"
"07/25/2004","10,139.71","9,964.71","10,163.01","9,913.92","1.09B","1.78%"
"07/18/2004","9,962.22","10,140.95","10,237.12","9,931.77","1.16B","-1.75%"
"07/11/2004","10,139.78","10,211.75","10,286.89","10,135.13","1.11B","-0.72%"
"07/04/2004","10,213.22","10,280.26","10,280.26","10,166.25","703.03M","-0.68%"
"06/27/2004","10,282.83","10,377.52","10,471.24","10,264.92","1.02B","-0.86%"
"06/20/2004","10,371.84","10,417.82","10,487.54","10,307.25","1.11B","-0.43%"
"06/13/2004","10,416.41","10,401.23","10,437.90","10,307.05","1.01B","0.06%"
"06/06/2004","10,410.10","10,243.31","10,432.81","10,243.31","671.90M","1.63%"
"05/30/2004","10,242.82","10,187.18","10,302.08","10,134.86","674.15M","0.53%"
"05/23/2004","10,188.45","9,968.02","10,222.24","9,915.86","918.87M","2.22%"
"05/16/2004","9,966.74","10,009.92","10,093.21","9,862.77","955.41M","-0.46%"
"05/09/2004","10,012.87","10,116.28","10,116.28","9,852.19","1.13B","-1.03%"
"05/02/2004","10,117.34","10,227.27","10,386.32","10,114.86","1.01B","-1.06%"
"04/25/2004","10,225.57","10,472.91","10,537.35","10,219.18","1.08B","-2.36%"
"04/18/2004","10,472.84","10,451.62","10,496.61","10,250.48","1.15B","0.20%"
"04/11/2004","10,451.97","10,444.38","10,552.61","10,322.16","1.07B","0.10%"
"04/04/2004","10,442.03","10,470.59","10,570.81","10,393.91","763.62M","-0.27%"
"03/28/2004","10,470.59","10,212.91","10,496.44","10,212.91","1.06B","2.52%"
"03/21/2004","10,212.97","10,185.93","10,271.78","10,007.49","1.10B","0.26%"
"03/14/2004","10,186.60","10,238.45","10,328.82","10,092.47","1.08B","-0.52%"
"03/07/2004","10,240.08","10,595.37","10,634.29","10,120.38","1.22B","-3.35%"
"02/29/2004","10,595.55","10,582.25","10,695.55","10,524.59","974.02M","0.11%"
"02/22/2004","10,583.92","10,619.55","10,652.36","10,521.70","1.03B","-0.33%"
"02/15/2004","10,619.03","10,628.88","10,753.63","10,580.66","774.54M","-0.08%"
"02/08/2004","10,627.85","10,592.00","10,746.88","10,559.26","1.01B","0.33%"
"02/01/2004","10,593.03","10,487.78","10,593.40","10,434.67","1.01B","1.00%"
"01/25/2004","10,488.07","10,568.00","10,705.18","10,417.85","1.12B","-0.76%"
"01/18/2004","10,568.29","10,601.40","10,660.88","10,490.96","893.20M","-0.30%"
"01/11/2004","10,600.51","10,461.55","10,600.74","10,367.41","1.10B","1.35%"
"01/04/2004","10,458.89","10,411.85","10,592.59","10,411.85","1.10B","0.47%"